,Date,Week_day,Market,Start,Finish,Open,Close,Change,Change_pct,Volume
0,2022-01-01,Saturday,tokyo,02:00:00,07:59:59,46778.14,47194.73,416.5900000000038,0.008905655504900523,4412.0876
1,2022-01-01,Saturday,london,08:00:00,14:29:59,47194.73,47024.1,-170.63000000000466,-0.0036154460466243377,5187.39257
2,2022-01-01,Saturday,new_york,14:30:00,20:59:59,47024.11,47391.82,367.7099999999991,0.007819605729911805,4737.434230000001
3,2022-01-02,Sunday,tokyo,02:00:00,07:59:59,47377.97,47173.45,-204.52000000000407,-0.004316774230723741,4872.448240000001
4,2022-01-02,Sunday,london,08:00:00,14:29:59,47173.44,47056.24,-117.20000000000437,-0.002484448876316936,7083.5907
5,2022-01-02,Sunday,new_york,14:30:00,20:59:59,47056.24,47007.14,-49.099999999998545,-0.0010434322844323773,6259.929530000001
6,2022-01-03,Monday,tokyo,02:00:00,07:59:59,47116.22,47051.37,-64.84999999999854,-0.0013763837591385109,6508.183690000001
7,2022-01-03,Monday,london,08:00:00,14:29:59,47051.36,47083.72,32.36000000000058,0.0006877590785898668,7723.0110700000005
8,2022-01-03,Monday,new_york,14:30:00,20:59:59,47083.72,45922.0,-1161.7200000000012,-0.02467349648668371,8838.73634
9,2022-01-04,Tuesday,tokyo,02:00:00,07:59:59,46054.99,46550.0,495.01000000000204,0.010748238138798882,10897.142240000001
10,2022-01-04,Tuesday,london,08:00:00,14:29:59,46549.99,46905.54,355.5500000000029,0.007638025271326621,9647.8306
11,2022-01-04,Tuesday,new_york,14:30:00,20:59:59,46905.53,46264.92,-640.6100000000006,-0.013657451477469773,10325.32994
12,2022-01-05,Wednesday,tokyo,02:00:00,07:59:59,46111.5,46407.51,296.01000000000204,0.006419439836049534,11858.35703
13,2022-01-05,Wednesday,london,08:00:00,14:29:59,46407.5,46402.91,-4.5899999999965075,-9.890642676280148e-05,12751.018049999997
14,2022-01-05,Wednesday,new_york,14:30:00,20:59:59,46402.91,43967.01,-2435.9000000000015,-0.05249455260456726,15156.524909999998
15,2022-01-06,Thursday,tokyo,02:00:00,07:59:59,43542.69,43245.25,-297.4400000000023,-0.006830997349957069,9622.58375
16,2022-01-06,Thursday,london,08:00:00,14:29:59,43245.26,42882.96,-362.3000000000029,-0.008377796780502766,10085.10557
17,2022-01-06,Thursday,new_york,14:30:00,20:59:59,42882.96,43221.5,338.5400000000009,0.007894511013232242,13405.796849999999
18,2022-01-07,Friday,tokyo,02:00:00,07:59:59,43008.9,41706.71,-1302.1900000000023,-0.030277221691324407,9335.54076
19,2022-01-07,Friday,london,08:00:00,14:29:59,41706.71,41857.99,151.27999999999884,0.003627234082956843,9126.56411
20,2022-01-07,Friday,new_york,14:30:00,20:59:59,41857.99,41922.2,64.20999999999913,0.0015339962573452937,6761.591690000001
21,2022-01-08,Saturday,tokyo,02:00:00,07:59:59,41883.42,41913.58,30.160000000003492,0.0007200940133351708,6965.724789999999
22,2022-01-08,Saturday,london,08:00:00,14:29:59,41913.59,41886.75,-26.839999999996508,-0.000640365093994455,10352.24337
23,2022-01-08,Saturday,new_york,14:30:00,20:59:59,41886.76,40975.37,-911.3899999999994,-0.02175842676779005,7127.994589999999
24,2022-01-09,Sunday,tokyo,02:00:00,07:59:59,41809.66,41791.51,-18.150000000001455,-0.0004341102032401345,6881.94385
25,2022-01-09,Sunday,london,08:00:00,14:29:59,41791.5,41595.22,-196.27999999999884,-0.004696648840075146,14013.62143
26,2022-01-09,Sunday,new_york,14:30:00,20:59:59,41595.22,42439.38,844.1599999999962,0.020294639624456767,9804.24212
27,2022-01-10,Monday,tokyo,02:00:00,07:59:59,41815.32,42042.38,227.05999999999767,0.005430067257646165,9675.46274
28,2022-01-10,Monday,london,08:00:00,14:29:59,42042.38,39903.03,-2139.3499999999985,-0.05088555880994361,8327.369600000002
29,2022-01-10,Monday,new_york,14:30:00,20:59:59,39900.28,41714.72,1814.4400000000023,0.04547436759842283,14543.19896
30,2022-01-11,Tuesday,tokyo,02:00:00,07:59:59,41928.82,42211.05,282.2300000000032,0.006731169634633272,9045.863000000001
31,2022-01-11,Tuesday,london,08:00:00,14:29:59,42212.21,41369.61,-842.5999999999985,-0.01996104918458419,9898.26213
32,2022-01-11,Tuesday,new_york,14:30:00,20:59:59,41369.62,42800.38,1430.7599999999948,0.03458479918355528,8224.86705
33,2022-01-12,Wednesday,tokyo,02:00:00,07:59:59,42626.04,42561.67,-64.37000000000262,-0.0015101097826587528,6583.99413
34,2022-01-12,Wednesday,london,08:00:00,14:29:59,42561.66,43798.34,1236.679999999993,0.02905619752613009,10256.174219999999
35,2022-01-12,Wednesday,new_york,14:30:00,20:59:59,43799.46,43819.17,19.709999999999127,0.00045000554801366555,9350.810669999999
36,2022-01-13,Thursday,tokyo,02:00:00,07:59:59,43548.58,43699.99,151.40999999999622,0.003476806821255618,7370.869490000001
37,2022-01-13,Thursday,london,08:00:00,14:29:59,43699.99,44189.52,489.52999999999884,0.011202062059968432,5869.88669
38,2022-01-13,Thursday,new_york,14:30:00,20:59:59,44189.53,42796.18,-1393.3499999999985,-0.03153122470413239,8914.235499999999
39,2022-01-14,Friday,tokyo,02:00:00,07:59:59,42581.12,42660.01,78.88999999999942,0.0018526990365683726,6039.72309
40,2022-01-14,Friday,london,08:00:00,14:29:59,42660.0,42286.17,-373.83000000000175,-0.008763009845288328,5730.871980000001
41,2022-01-14,Friday,new_york,14:30:00,20:59:59,42286.17,43100.94,814.7700000000041,0.0192680018076834,6168.8553
42,2022-01-15,Saturday,tokyo,02:00:00,07:59:59,42967.8,43088.12,120.31999999999971,0.0028002364561368065,6312.4508
43,2022-01-15,Saturday,london,08:00:00,14:29:59,43088.12,42942.6,-145.52000000000407,-0.0033772650094736623,6283.69891
44,2022-01-15,Saturday,new_york,14:30:00,20:59:59,42942.61,43485.0,542.3899999999994,0.012630578346309207,6567.437389999999
45,2022-01-16,Sunday,tokyo,02:00:00,07:59:59,42996.99,43202.21,205.22000000000116,0.004772892241991844,6736.48567
46,2022-01-16,Sunday,london,08:00:00,14:29:59,43202.21,43241.02,38.80999999999767,0.0008983336732077962,7361.867609999999
47,2022-01-16,Sunday,new_york,14:30:00,20:59:59,43241.03,43029.01,-212.0199999999968,-0.00490321345259348,6537.50589
48,2022-01-17,Monday,tokyo,02:00:00,07:59:59,42894.05,42656.03,-238.02000000000407,-0.005549021367765583,8220.226850000001
49,2022-01-17,Monday,london,08:00:00,14:29:59,42656.03,42708.79,52.76000000000204,0.0012368708480372526,8130.785830000001
50,2022-01-17,Monday,new_york,14:30:00,20:59:59,42708.79,42083.47,-625.3199999999997,-0.014641482467660616,5112.333949999999
51,2022-01-18,Tuesday,tokyo,02:00:00,07:59:59,42260.9,42061.94,-198.95999999999913,-0.004707897844106523,6033.94389
52,2022-01-18,Tuesday,london,08:00:00,14:29:59,42065.42,41511.99,-553.4300000000003,-0.01315641208384466,9012.92864
53,2022-01-18,Tuesday,new_york,14:30:00,20:59:59,41511.99,41784.27,272.27999999999884,0.006559068837701965,11895.019549999999
54,2022-01-19,Wednesday,tokyo,02:00:00,07:59:59,42420.17,41287.1,-1133.0699999999997,-0.02671064260232814,11661.02626
55,2022-01-19,Wednesday,london,08:00:00,14:29:59,41287.1,42201.59,914.489999999998,0.022149533389363762,11669.12599
56,2022-01-19,Wednesday,new_york,14:30:00,20:59:59,42201.59,41631.4,-570.189999999995,-0.013511102306808742,21053.790106
57,2022-01-20,Thursday,tokyo,02:00:00,07:59:59,41770.0,42058.31,288.3099999999977,0.00690232224084264,18686.153988
58,2022-01-20,Thursday,london,08:00:00,14:29:59,42058.31,42401.6,343.2900000000009,0.008162239519372116,20572.985621
59,2022-01-20,Thursday,new_york,14:30:00,20:59:59,42401.6,42723.71,322.1100000000006,0.007596647296328474,18892.032059999998
60,2022-01-21,Friday,tokyo,02:00:00,07:59:59,39763.0,39134.55,-628.4499999999971,-0.015804893996931746,19747.102497
61,2022-01-21,Friday,london,08:00:00,14:29:59,39136.31,38604.42,-531.8899999999994,-0.013590703875761445,16158.83729
62,2022-01-21,Friday,new_york,14:30:00,20:59:59,38604.42,38355.16,-249.25999999999476,-0.006456773602608101,19180.674
63,2022-01-22,Saturday,tokyo,02:00:00,07:59:59,36483.15,35400.02,-1083.1300000000047,-0.02968850003357726,18726.723534
64,2022-01-22,Saturday,london,08:00:00,14:29:59,35400.01,35496.84,96.82999999999447,0.002735309961776622,22839.820403
65,2022-01-22,Saturday,new_york,14:30:00,20:59:59,35496.85,35287.51,-209.3399999999965,-0.005897424701064913,12794.6967
66,2022-01-23,Sunday,tokyo,02:00:00,07:59:59,35316.99,35571.19,254.20000000000437,0.007197668884013186,15750.870096
67,2022-01-23,Sunday,london,08:00:00,14:29:59,35571.19,35620.0,48.80999999999767,0.0013721778776587534,20498.13392
68,2022-01-23,Sunday,new_york,14:30:00,20:59:59,35619.99,35300.13,-319.8600000000006,-0.008979789157717355,18778.16606
69,2022-01-24,Monday,tokyo,02:00:00,07:59:59,35650.01,34888.81,-761.2000000000044,-0.02135202767124056,13107.88487
70,2022-01-24,Monday,london,08:00:00,14:29:59,34887.9,33603.99,-1283.9100000000035,-0.03680101123885371,17685.890316
71,2022-01-24,Monday,new_york,14:30:00,20:59:59,33603.99,37220.05,3616.060000000005,0.1076080548768168,16013.46944
72,2022-01-25,Tuesday,tokyo,02:00:00,07:59:59,36125.31,36044.01,-81.29999999999563,-0.002250499718895016,15184.501579999998
73,2022-01-25,Tuesday,london,08:00:00,14:29:59,36044.01,36590.29,546.2799999999988,0.015155916336722752,21733.640230000005
74,2022-01-25,Tuesday,new_york,14:30:00,20:59:59,36590.27,36859.79,269.5200000000041,0.007365892626646442,17793.17697
75,2022-01-26,Wednesday,tokyo,02:00:00,07:59:59,36851.85,37338.59,486.73999999999796,0.013208020764222006,10336.284479999998
76,2022-01-26,Wednesday,london,08:00:00,14:29:59,37338.6,38401.58,1062.9800000000032,0.028468662456546445,15415.734489999999
77,2022-01-26,Wednesday,new_york,14:30:00,20:59:59,38401.59,37015.05,-1386.5399999999936,-0.03610631747279203,14447.76514
78,2022-01-27,Thursday,tokyo,02:00:00,07:59:59,35882.21,36173.87,291.6600000000035,0.008128261887994093,10765.99998
79,2022-01-27,Thursday,london,08:00:00,14:29:59,36177.17,36896.2,719.0299999999988,0.01987524176158617,9168.871959999999
80,2022-01-27,Thursday,new_york,14:30:00,20:59:59,36896.2,35583.5,-1312.699999999997,-0.03557818962386361,9776.80537
81,2022-01-28,Friday,tokyo,02:00:00,07:59:59,36880.79,36799.82,-80.97000000000116,-0.002195451887012201,7479.346750000001
82,2022-01-28,Friday,london,08:00:00,14:29:59,36799.82,37054.8,254.9800000000032,0.006928838238882795,7009.92228
83,2022-01-28,Friday,new_york,14:30:00,20:59:59,37054.8,37758.01,703.2099999999991,0.018977568358215402,8875.82736
84,2022-01-29,Saturday,tokyo,02:00:00,07:59:59,37535.76,37836.99,301.2299999999959,0.00802514721961134,5648.297
85,2022-01-29,Saturday,london,08:00:00,14:29:59,37836.98,38109.76,272.77999999999884,0.007209349160530287,8644.47398
86,2022-01-29,Saturday,new_york,14:30:00,20:59:59,38113.58,38340.03,226.4499999999971,0.005941451839475587,7657.051729999999
87,2022-01-30,Sunday,tokyo,02:00:00,07:59:59,37931.75,38244.98,313.2300000000032,0.008257726047440572,7780.577289999999
88,2022-01-30,Sunday,london,08:00:00,14:29:59,38244.98,37793.24,-451.74000000000524,-0.011811746273628687,8990.04162
89,2022-01-30,Sunday,new_york,14:30:00,20:59:59,37793.24,37684.45,-108.79000000000087,-0.0028785571176220826,8746.63543
90,2022-01-31,Monday,tokyo,02:00:00,07:59:59,36823.19,37121.83,298.6399999999994,0.008110106701782138,8729.65984
91,2022-01-31,Monday,london,08:00:00,14:29:59,37121.84,37352.41,230.57000000000698,0.006211168411910828,10790.871930000001
92,2022-01-31,Monday,new_york,14:30:00,20:59:59,37354.2,38450.62,1096.4200000000055,0.029351987192872686,9532.21658
93,2022-02-01,Tuesday,tokyo,02:00:00,07:59:59,38238.18,38440.77,202.5899999999965,0.0052981078074321175,6682.3679999999995
94,2022-02-01,Tuesday,london,08:00:00,14:29:59,38440.76,38903.71,462.9499999999971,0.012043206221729053,9236.61738
95,2022-02-01,Tuesday,new_york,14:30:00,20:59:59,38903.72,38512.08,-391.6399999999994,-0.010066903627724999,9751.766880000001
96,2022-02-02,Wednesday,tokyo,02:00:00,07:59:59,38439.76,38284.69,-155.0699999999997,-0.004034104271202543,6460.480100000002
97,2022-02-02,Wednesday,london,08:00:00,14:29:59,38282.14,38346.2,64.05999999999767,0.0016733651775997505,16412.7918
98,2022-02-02,Wednesday,new_york,14:30:00,20:59:59,38346.21,37566.0,-780.2099999999991,-0.020346469703264036,14415.068120000002
99,2022-02-03,Thursday,tokyo,02:00:00,07:59:59,36845.52,37024.16,178.6400000000067,0.00484835062715927,8059.931
100,2022-02-03,Thursday,london,08:00:00,14:29:59,37024.16,36558.53,-465.63000000000466,-0.012576382556687471,9864.29535
101,2022-02-03,Thursday,new_york,14:30:00,20:59:59,36558.53,36367.4,-191.12999999999738,-0.005228054847938313,12744.792739999997
102,2022-02-04,Friday,tokyo,02:00:00,07:59:59,37168.59,37869.31,700.7200000000012,0.018852477320231875,8611.626529999998
103,2022-02-04,Friday,london,08:00:00,14:29:59,37869.31,37778.41,-90.89999999999418,-0.0024003606086299145,7363.6146100000005
104,2022-02-04,Friday,new_york,14:30:00,20:59:59,37778.4,40588.0,2809.5999999999985,0.07437053977934482,9607.932100000004
105,2022-02-05,Saturday,tokyo,02:00:00,07:59:59,41274.08,41379.99,105.90999999999622,0.002566017219523653,9899.51319
106,2022-02-05,Saturday,london,08:00:00,14:29:59,41379.99,41448.82,68.83000000000175,0.0016633643459074143,8976.62396
107,2022-02-05,Saturday,new_york,14:30:00,20:59:59,41448.83,41644.0,195.16999999999825,0.004708697446948351,8146.937500000001
108,2022-02-06,Sunday,tokyo,02:00:00,07:59:59,41606.04,41612.33,6.290000000000873,0.00015117997290770013,10203.05692
109,2022-02-06,Sunday,london,08:00:00,14:29:59,41612.32,41783.42,171.09999999999854,0.004111763054787554,14923.432250000002
110,2022-02-06,Sunday,new_york,14:30:00,20:59:59,41783.42,41569.99,-213.4300000000003,-0.005108006955869104,15545.11272
111,2022-02-07,Monday,tokyo,02:00:00,07:59:59,42102.42,42723.92,621.5,0.014761621778510703,12156.415079999999
112,2022-02-07,Monday,london,08:00:00,14:29:59,42723.91,42930.04,206.12999999999738,0.004824698863001853,11830.84147
113,2022-02-07,Monday,new_york,14:30:00,20:59:59,42930.03,44131.88,1201.8499999999985,0.02799555462691261,14777.743760000001
114,2022-02-08,Tuesday,tokyo,02:00:00,07:59:59,44042.34,44855.0,812.6600000000035,0.018451789800451257,10962.803820000001
115,2022-02-08,Tuesday,london,08:00:00,14:29:59,44855.0,43597.45,-1257.550000000003,-0.028035893434399828,17787.85831
116,2022-02-08,Tuesday,new_york,14:30:00,20:59:59,43597.45,44271.95,674.5,0.01547108833200106,11185.410659999998
117,2022-02-09,Wednesday,tokyo,02:00:00,07:59:59,43861.22,43807.75,-53.470000000001164,-0.0012190723377051293,10318.59646
118,2022-02-09,Wednesday,london,08:00:00,14:29:59,43807.75,43975.66,167.9100000000035,0.0038328834509875342,12669.60981
119,2022-02-09,Wednesday,new_york,14:30:00,20:59:59,43975.65,44765.18,789.5299999999988,0.01795379943218567,12295.59623
120,2022-02-10,Thursday,tokyo,02:00:00,07:59:59,44253.23,44092.42,-160.81000000000495,-0.0036338590426056028,9241.039639999999
121,2022-02-10,Thursday,london,08:00:00,14:29:59,44092.43,43522.99,-569.4400000000023,-0.01291468853043487,11844.30182
122,2022-02-10,Thursday,new_york,14:30:00,20:59:59,43523.0,44102.4,579.4000000000015,0.013312501436022472,15664.654900000001
123,2022-02-11,Friday,tokyo,02:00:00,07:59:59,43169.78,43359.25,189.47000000000116,0.004388949862612179,6656.017640000001
124,2022-02-11,Friday,london,08:00:00,14:29:59,43359.24,43598.63,239.38999999999942,0.0055210838566357445,5837.482969999999
125,2022-02-11,Friday,new_york,14:30:00,20:59:59,43598.64,42338.66,-1259.979999999996,-0.028899525306293916,7292.833640000001
126,2022-02-12,Saturday,tokyo,02:00:00,07:59:59,42447.83,42103.94,-343.8899999999994,-0.008101474209635695,4956.5098800000005
127,2022-02-12,Saturday,london,08:00:00,14:29:59,42103.94,42057.05,-46.88999999999942,-0.0011136724971582135,5878.934969999999
128,2022-02-12,Saturday,new_york,14:30:00,20:59:59,42057.06,42622.67,565.6100000000006,0.013448633832227053,7875.737980000001
129,2022-02-13,Sunday,tokyo,02:00:00,07:59:59,42233.77,42412.4,178.63000000000466,0.004229553743367198,7384.440070000001
130,2022-02-13,Sunday,london,08:00:00,14:29:59,42412.39,42487.0,74.61000000000058,0.001759155756136277,8107.535759999999
131,2022-02-13,Sunday,new_york,14:30:00,20:59:59,42487.0,42441.44,-45.55999999999767,-0.0010723280062135965,9780.498760000002
132,2022-02-14,Monday,tokyo,02:00:00,07:59:59,41670.16,42314.42,644.2599999999948,0.015460943754475487,8516.36721
133,2022-02-14,Monday,london,08:00:00,14:29:59,42314.42,42653.84,339.41999999999825,0.00802137900035027,9441.88347
134,2022-02-14,Monday,new_york,14:30:00,20:59:59,42653.83,42180.5,-473.33000000000175,-0.011097010514647843,8316.88995
135,2022-02-15,Tuesday,tokyo,02:00:00,07:59:59,43465.97,43691.57,225.59999999999854,0.005190267236645063,9201.3101
136,2022-02-15,Tuesday,london,08:00:00,14:29:59,43691.57,44253.38,561.8099999999977,0.012858544565919727,10800.414139999999
137,2022-02-15,Tuesday,new_york,14:30:00,20:59:59,44253.37,44140.76,-112.61000000000058,-0.0025446649599792925,7526.91829
138,2022-02-16,Wednesday,tokyo,02:00:00,07:59:59,43988.68,44184.2,195.5199999999968,0.004444779884279271,10002.829919999998
139,2022-02-16,Wednesday,london,08:00:00,14:29:59,44184.19,43642.84,-541.3500000000058,-0.012252120045654458,12261.151090000001
140,2022-02-16,Wednesday,new_york,14:30:00,20:59:59,43642.83,44093.62,450.7900000000009,0.010329073527083343,10684.93943
141,2022-02-17,Thursday,tokyo,02:00:00,07:59:59,44006.09,43919.46,-86.62999999999738,-0.0019685911654500066,7149.2374500000005
142,2022-02-17,Thursday,london,08:00:00,14:29:59,43919.46,42159.5,-1759.9599999999991,-0.04007244169213375,11030.982849999999
143,2022-02-17,Thursday,new_york,14:30:00,20:59:59,42159.51,40882.85,-1276.6600000000035,-0.03028166124321663,10820.602939999997
144,2022-02-18,Friday,tokyo,02:00:00,07:59:59,40784.36,40665.81,-118.55000000000291,-0.002906751509647365,8057.60109
145,2022-02-18,Friday,london,08:00:00,14:29:59,40665.81,40363.61,-302.1999999999971,-0.007431304085667945,6531.08679
146,2022-02-18,Friday,new_york,14:30:00,20:59:59,40363.61,40025.79,-337.8199999999997,-0.008369419880927431,10707.90635
147,2022-02-19,Saturday,tokyo,02:00:00,07:59:59,40151.38,40263.71,112.33000000000175,0.002797662247225441,7755.758809999999
148,2022-02-19,Saturday,london,08:00:00,14:29:59,40263.7,39872.97,-390.7299999999959,-0.009704274569897864,9851.74812
149,2022-02-19,Saturday,new_york,14:30:00,20:59:59,39872.98,40061.87,188.88999999999942,0.004737293274793997,12906.964469999999
150,2022-02-20,Sunday,tokyo,02:00:00,07:59:59,39997.17,38796.64,-1200.5299999999988,-0.03001537358768125,12603.20351
151,2022-02-20,Sunday,london,08:00:00,14:29:59,38796.63,38186.0,-610.6299999999974,-0.015739253641359974,16430.99499
152,2022-02-20,Sunday,new_york,14:30:00,20:59:59,38185.99,38317.72,131.7300000000032,0.00344969450837862,10370.92281
153,2022-02-21,Monday,tokyo,02:00:00,07:59:59,39135.57,39294.07,158.5,0.004050024057398405,15067.572210000002
154,2022-02-21,Monday,london,08:00:00,14:29:59,39294.06,38596.49,-697.5699999999997,-0.01775255598428871,15147.01093
155,2022-02-21,Monday,new_york,14:30:00,20:59:59,38596.5,38249.99,-346.51000000000204,-0.00897775705050985,14314.42134
156,2022-02-22,Tuesday,tokyo,02:00:00,07:59:59,37243.26,36771.66,-471.59999999999854,-0.012662693867293018,19628.77345
157,2022-02-22,Tuesday,london,08:00:00,14:29:59,36771.65,37520.39,748.739999999998,0.020361882047718716,15931.98141
158,2022-02-22,Tuesday,new_york,14:30:00,20:59:59,37520.39,37908.98,388.5900000000038,0.010356768679643302,16064.561150000001
159,2022-02-23,Wednesday,tokyo,02:00:00,07:59:59,38062.5,38151.17,88.66999999999825,0.002329589490968731,19876.68152
160,2022-02-23,Wednesday,london,08:00:00,14:29:59,38151.16,38909.99,758.8299999999945,0.01989008984261531,24212.923670000004
161,2022-02-23,Wednesday,new_york,14:30:00,20:59:59,38910.0,37677.98,-1232.0199999999968,-0.03166332562323304,20124.03202
162,2022-02-24,Thursday,tokyo,02:00:00,07:59:59,36949.63,35312.05,-1637.5799999999945,-0.04431925299387285,15553.154170000002
163,2022-02-24,Thursday,london,08:00:00,14:29:59,35312.04,35300.01,-12.029999999998836,-0.0003406770042172491,14395.938
164,2022-02-24,Thursday,new_york,14:30:00,20:59:59,35300.26,38418.97,3118.709999999999,0.08834807449010285,14650.70058
165,2022-02-25,Friday,tokyo,02:00:00,07:59:59,38562.38,38466.24,-96.13999999999942,-0.002493103382104511,11185.410699999999
166,2022-02-25,Friday,london,08:00:00,14:29:59,38466.25,39251.6,785.3499999999985,0.02041659896662651,12404.24544
167,2022-02-25,Friday,new_york,14:30:00,20:59:59,39251.59,39109.06,-142.52999999999884,-0.0036311904817103446,11720.33229
168,2022-02-26,Saturday,tokyo,02:00:00,07:59:59,39704.82,39200.0,-504.8199999999997,-0.012714325364023837,7608.893660000001
169,2022-02-26,Saturday,london,08:00:00,14:29:59,39200.0,39124.45,-75.55000000000291,-0.0019272959183673777,15735.58098
170,2022-02-26,Saturday,new_york,14:30:00,20:59:59,39124.44,39322.55,198.11000000000058,0.005063586852616986,11445.13031
171,2022-02-27,Sunday,tokyo,02:00:00,07:59:59,38240.04,38790.93,550.8899999999994,0.014406104177715262,12652.336309999999
172,2022-02-27,Sunday,london,08:00:00,14:29:59,38790.92,38910.36,119.44000000000233,0.003079071081583118,15078.054529999998
173,2022-02-27,Sunday,new_york,14:30:00,20:59:59,38910.36,37966.6,-943.760000000002,-0.024254722906701498,16400.50422
174,2022-02-28,Monday,tokyo,02:00:00,07:59:59,37970.86,38347.58,376.72000000000116,0.009921292275181681,14902.5388
175,2022-02-28,Monday,london,08:00:00,14:29:59,38347.58,38992.97,645.3899999999994,0.016830005961262717,22446.404359999997
176,2022-02-28,Monday,new_york,14:30:00,20:59:59,38992.97,41908.07,2915.0999999999985,0.07475962974864436,16168.830439999998
177,2022-03-01,Tuesday,tokyo,02:00:00,07:59:59,43259.89,43492.96,233.0699999999997,0.0053876697328634204,14113.739860000001
178,2022-03-01,Tuesday,london,08:00:00,14:29:59,43492.96,44435.87,942.9100000000035,0.021679600560642553,15313.088629999998
179,2022-03-01,Tuesday,new_york,14:30:00,20:59:59,44435.86,44084.63,-351.2300000000032,-0.007904201696557811,13720.35811
180,2022-03-02,Wednesday,tokyo,02:00:00,07:59:59,44027.69,43973.09,-54.60000000000582,-0.0012401286553985758,10752.629340000001
181,2022-03-02,Wednesday,london,08:00:00,14:29:59,43973.09,43730.01,-243.07999999999447,-0.005527926284006779,12364.869609999998
182,2022-03-02,Wednesday,new_york,14:30:00,20:59:59,43730.0,43803.31,73.30999999999767,0.0016764235078892131,18691.62414
183,2022-03-03,Thursday,tokyo,02:00:00,07:59:59,43825.87,43477.05,-348.8199999999997,-0.007959225909263123,10518.054090000001
184,2022-03-03,Thursday,london,08:00:00,14:29:59,43477.04,43814.33,337.2900000000009,0.007757887841490563,12884.47594
185,2022-03-03,Thursday,new_york,14:30:00,20:59:59,43814.33,42030.31,-1784.020000000004,-0.040717728651790464,12915.759790000002
186,2022-03-04,Friday,tokyo,02:00:00,07:59:59,41510.58,41436.98,-73.59999999999854,-0.0017730419570143319,10691.078429999998
187,2022-03-04,Friday,london,08:00:00,14:29:59,41436.98,41337.55,-99.43000000000029,-0.002399547457367812,10971.30247
188,2022-03-04,Friday,new_york,14:30:00,20:59:59,41337.54,39469.36,-1868.1800000000003,-0.045193303713767174,11844.13036
189,2022-03-05,Saturday,tokyo,02:00:00,07:59:59,38987.25,39016.73,29.4800000000032,0.0007561446370287772,10284.36588
190,2022-03-05,Saturday,london,08:00:00,14:29:59,39016.74,39050.41,33.67000000000553,0.0008629629230940683,11312.71797
191,2022-03-05,Saturday,new_york,14:30:00,20:59:59,39050.41,39451.91,401.5,0.010281582190814431,8798.19142
192,2022-03-06,Sunday,tokyo,02:00:00,07:59:59,39446.94,39387.57,-59.37000000000262,-0.00150505970805348,12652.697429999998
193,2022-03-06,Sunday,london,08:00:00,14:29:59,39387.56,38760.2,-627.3600000000006,-0.01592787164272169,14123.587019999999
194,2022-03-06,Sunday,new_york,14:30:00,20:59:59,38760.21,38854.99,94.77999999999884,0.0024452911890828766,12473.67101
195,2022-03-07,Monday,tokyo,02:00:00,07:59:59,38324.68,37895.24,-429.4400000000023,-0.011205312086102315,17624.039500000003
196,2022-03-07,Monday,london,08:00:00,14:29:59,37895.24,39212.66,1317.4200000000055,0.034764788400865276,15164.810560000002
197,2022-03-07,Monday,new_york,14:30:00,20:59:59,39212.66,37590.01,-1622.6500000000015,-0.041380768353893926,16301.475849999997
198,2022-03-08,Tuesday,tokyo,02:00:00,07:59:59,38268.97,38547.79,278.8199999999997,0.00728579838966148,17025.26003
199,2022-03-08,Tuesday,london,08:00:00,14:29:59,38547.79,38733.27,185.47999999999593,0.004811689593618551,20736.14365
200,2022-03-08,Tuesday,new_york,14:30:00,20:59:59,38733.28,38512.51,-220.7699999999968,-0.00569974967263287,18417.86759
201,2022-03-09,Wednesday,tokyo,02:00:00,07:59:59,39215.42,41791.1,2575.6800000000003,0.06568028596914166,13023.07441
202,2022-03-09,Wednesday,london,08:00:00,14:29:59,41791.1,42121.85,330.75,0.007914364541732555,14466.099849999999
203,2022-03-09,Wednesday,new_york,14:30:00,20:59:59,42121.86,41841.64,-280.22000000000116,-0.006652602710326638,19345.28014
204,2022-03-10,Thursday,tokyo,02:00:00,07:59:59,40930.7,39238.9,-1691.7999999999956,-0.04133327795517783,11713.971119999998
205,2022-03-10,Thursday,london,08:00:00,14:29:59,39238.9,39067.56,-171.34000000000378,-0.004366585199890971,9733.953689999998
206,2022-03-10,Thursday,new_york,14:30:00,20:59:59,39067.56,39612.11,544.5500000000029,0.013938674439867738,10541.99853
207,2022-03-11,Friday,tokyo,02:00:00,07:59:59,38679.23,39132.09,452.8599999999933,0.011708092431002237,10176.856960000001
208,2022-03-11,Friday,london,08:00:00,14:29:59,39132.1,39411.97,279.8700000000026,0.007151928979022504,10713.01515
209,2022-03-11,Friday,new_york,14:30:00,20:59:59,39411.97,38364.9,-1047.0699999999997,-0.02656730937326912,7454.18544
210,2022-03-12,Saturday,tokyo,02:00:00,07:59:59,39184.99,39104.99,-80.0,-0.0020415980710981607,11664.85023
211,2022-03-12,Saturday,london,08:00:00,14:29:59,39104.99,39036.25,-68.73999999999796,-0.0017578319288663602,6739.948480000001
212,2022-03-12,Saturday,new_york,14:30:00,20:59:59,39036.25,39128.08,91.83000000000175,0.002352428832175235,6294.434939999999
213,2022-03-13,Sunday,tokyo,02:00:00,07:59:59,38993.0,39089.77,96.7699999999968,0.0024817274895492236,11896.76624
214,2022-03-13,Sunday,london,08:00:00,14:29:59,39089.76,38886.03,-203.7300000000032,-0.005211850878593327,13442.616199999997
215,2022-03-13,Sunday,new_york,15:30:00,21:59:59,38957.23,38741.0,-216.2300000000032,-0.005550445963432238,8168.091160000001
216,2022-03-14,Monday,tokyo,02:00:00,07:59:59,38064.35,39078.92,1014.5699999999997,0.026654073956339674,11718.648710000001
217,2022-03-14,Monday,london,08:00:00,14:29:59,39078.91,38976.0,-102.91000000000349,-0.002633389723510793,13722.797399999998
218,2022-03-14,Monday,new_york,15:30:00,21:59:59,39012.49,38729.97,-282.5199999999968,-0.00724178333656722,12429.870729999999
219,2022-03-15,Tuesday,tokyo,02:00:00,07:59:59,38826.87,38439.5,-387.3700000000026,-0.009976853658304252,21535.22234
220,2022-03-15,Tuesday,london,08:00:00,14:29:59,38439.5,39030.53,591.0299999999988,0.015375590213192236,17813.57394
221,2022-03-15,Tuesday,new_york,15:30:00,21:59:59,39146.16,39653.0,506.8399999999965,0.012947374659481259,12213.40912
222,2022-03-16,Wednesday,tokyo,02:00:00,07:59:59,39512.49,39581.0,68.51000000000204,0.0017338821218304545,17804.79296
223,2022-03-16,Wednesday,london,08:00:00,14:29:59,39581.01,40925.0,1343.989999999998,0.03395542458365752,15747.52418
224,2022-03-16,Wednesday,new_york,15:30:00,21:59:59,40718.01,41102.42,384.4099999999962,0.009440785539371888,9653.627799999998
225,2022-03-17,Thursday,tokyo,02:00:00,07:59:59,41213.8,40726.05,-487.75,-0.01183462820705683,11542.92779
226,2022-03-17,Thursday,london,08:00:00,14:29:59,40726.06,41014.1,288.0400000000009,0.007072621314215155,8438.3367
227,2022-03-17,Thursday,new_york,15:30:00,21:59:59,40949.99,41000.01,50.020000000004075,0.001221489919777774,8156.56001
228,2022-03-18,Friday,tokyo,02:00:00,07:59:59,40541.73,40570.67,28.939999999995052,0.0007138323894908538,7780.37475
229,2022-03-18,Friday,london,08:00:00,14:29:59,40570.67,40747.99,177.3199999999997,0.004370645099033288,8782.98342
230,2022-03-18,Friday,new_york,15:30:00,21:59:59,40607.01,41804.08,1197.0699999999997,0.02947939284374801,10444.909859999998
231,2022-03-19,Saturday,tokyo,02:00:00,07:59:59,41719.12,41610.0,-109.12000000000262,-0.002615587289473087,8298.596230000001
232,2022-03-19,Saturday,london,08:00:00,14:29:59,41609.99,41747.47,137.4800000000032,0.00330401425234661,7590.033270000001
233,2022-03-19,Saturday,new_york,15:30:00,21:59:59,41945.66,42115.73,170.0699999999997,0.004054531505762515,11581.41431
234,2022-03-20,Sunday,tokyo,02:00:00,07:59:59,41965.15,41863.99,-101.16000000000349,-0.0024105716290779844,13168.793009999998
235,2022-03-20,Sunday,london,08:00:00,14:29:59,41863.99,41495.85,-368.1399999999994,-0.008793715075892217,11272.4147
236,2022-03-20,Sunday,new_york,15:30:00,21:59:59,41372.01,41358.83,-13.180000000000291,-0.0003185728708854363,9359.7837
237,2022-03-21,Monday,tokyo,02:00:00,07:59:59,41226.0,41102.01,-123.98999999999796,-0.0030075680395865723,12381.4184
238,2022-03-21,Monday,london,08:00:00,14:29:59,41102.0,40843.99,-258.01000000000204,-0.006277310106564182,14282.785469999999
239,2022-03-21,Monday,new_york,15:30:00,21:59:59,41106.17,41305.52,199.34999999999854,0.0048496369279842355,11722.398360000001
240,2022-03-22,Tuesday,tokyo,02:00:00,07:59:59,41180.69,42215.94,1035.25,0.025139209663558315,13592.454749999999
241,2022-03-22,Tuesday,london,08:00:00,14:29:59,42215.95,42947.84,731.8899999999994,0.017336812271191215,14020.486190000001
242,2022-03-22,Tuesday,new_york,15:30:00,21:59:59,42701.21,42833.03,131.8199999999997,0.0030870319599842766,9507.90677
243,2022-03-23,Wednesday,tokyo,02:00:00,07:59:59,42322.66,42107.74,-214.92000000000553,-0.005078130722407481,8949.989049999998
244,2022-03-23,Wednesday,london,08:00:00,14:29:59,42107.73,42282.51,174.77999999999884,0.004150781816070426,11768.26017
245,2022-03-23,Wednesday,new_york,15:30:00,21:59:59,42500.51,42385.37,-115.13999999999942,-0.0027091439608606382,12199.5697
246,2022-03-24,Thursday,tokyo,02:00:00,07:59:59,42827.45,43077.74,250.29000000000087,0.005844149021246858,12140.239699999998
247,2022-03-24,Thursday,london,08:00:00,14:29:59,43077.75,42959.09,-118.66000000000349,-0.002754554265253062,8657.90268
248,2022-03-24,Thursday,new_york,15:30:00,21:59:59,43781.34,44031.77,250.4300000000003,0.005720016792542193,15403.646109999998
249,2022-03-25,Friday,tokyo,02:00:00,07:59:59,44130.76,43904.97,-225.79000000000087,-0.005116385940328261,9039.20506
250,2022-03-25,Friday,london,08:00:00,14:29:59,43904.97,44875.27,970.2999999999956,0.0221000037125636,9008.520929999999
251,2022-03-25,Friday,new_york,15:30:00,21:59:59,44395.12,44525.36,130.23999999999796,0.00293365577117477,8577.52762
252,2022-03-26,Saturday,tokyo,02:00:00,07:59:59,44295.04,44510.07,215.02999999999884,0.004854493866581766,5872.0944899999995
253,2022-03-26,Saturday,london,08:00:00,14:29:59,44510.07,44226.88,-283.1900000000023,-0.00636238046806048,9632.85787
254,2022-03-26,Saturday,new_york,15:30:00,21:59:59,44234.86,44444.99,210.12999999999738,0.004750325874208761,10296.687290000002
255,2022-03-27,Sunday,tokyo,02:00:00,07:59:59,44724.96,44734.06,9.099999999998545,0.0002034658052236793,13451.50358
256,2022-03-27,Sunday,london,09:00:00,15:29:59,44604.48,44825.17,220.68999999999505,0.004947709288394275,12502.661390000001
257,2022-03-27,Sunday,new_york,15:30:00,21:59:59,44825.17,46552.08,1726.9100000000035,0.03852545344501768,18768.19315
258,2022-03-28,Monday,tokyo,02:00:00,07:59:59,46810.5,46989.24,178.73999999999796,0.0038183740827377743,8420.58712
259,2022-03-28,Monday,london,09:00:00,15:29:59,47021.24,47698.0,676.760000000002,0.014392644685678357,10710.40543
260,2022-03-28,Monday,new_york,15:30:00,21:59:59,47698.01,47629.22,-68.79000000000087,-0.0014421985319723607,10629.004770000001
261,2022-03-29,Tuesday,tokyo,02:00:00,07:59:59,47537.05,47344.44,-192.61000000000058,-0.004051786974580862,10406.902680000001
262,2022-03-29,Tuesday,london,09:00:00,15:29:59,47539.75,47926.62,386.8700000000026,0.008137821507264942,10496.03272
263,2022-03-29,Tuesday,new_york,15:30:00,21:59:59,47927.23,47270.18,-657.0500000000029,-0.013709325575461007,12000.074749999998
264,2022-03-30,Wednesday,tokyo,02:00:00,07:59:59,46865.28,47384.44,519.1600000000035,0.011077710407363384,11692.63982
265,2022-03-30,Wednesday,london,09:00:00,15:29:59,47435.05,46947.68,-487.3700000000026,-0.010274470038505346,11891.90321
266,2022-03-30,Wednesday,new_york,15:30:00,21:59:59,46947.69,46987.49,39.799999999995634,0.0008477520406220407,14339.750080000002
267,2022-03-31,Thursday,tokyo,02:00:00,07:59:59,47400.0,47160.76,-239.23999999999796,-0.005047257383966164,9929.450659999999
268,2022-03-31,Thursday,london,09:00:00,15:29:59,47245.23,46534.65,-710.5800000000017,-0.015040248507627196,16368.501939999998
269,2022-03-31,Thursday,new_york,15:30:00,21:59:59,46534.65,45757.19,-777.4599999999991,-0.01670712039308342,12109.319920000002
270,2022-04-01,Friday,tokyo,02:00:00,07:59:59,44923.77,45015.69,91.92000000000553,0.002046132815656465,13646.203830000002
271,2022-04-01,Friday,london,09:00:00,15:29:59,45137.05,46516.64,1379.5899999999965,0.030564469764860602,10858.738319999999
272,2022-04-01,Friday,new_york,15:30:00,21:59:59,46516.64,46305.07,-211.5699999999997,-0.004548264878976638,9386.05329
273,2022-04-02,Saturday,tokyo,02:00:00,07:59:59,46745.49,46584.49,-161.0,-0.0034441825296943618,9930.78232
274,2022-04-02,Saturday,london,09:00:00,15:29:59,46551.4,46465.5,-85.90000000000146,-0.0018452721078205947,7154.5163999999995
275,2022-04-02,Saturday,new_york,15:30:00,21:59:59,46465.5,46231.0,-234.5,-0.005046755119389679,10459.607839999999
276,2022-04-03,Sunday,tokyo,02:00:00,07:59:59,45845.99,46363.82,517.8300000000017,0.011294990030753072,9473.28629
277,2022-04-03,Sunday,london,09:00:00,15:29:59,46271.67,46493.0,221.33000000000175,0.004783272356498003,14435.695189999997
278,2022-04-03,Sunday,new_york,15:30:00,21:59:59,46492.99,46980.0,487.01000000000204,0.010474912454544238,7222.0670199999995
279,2022-04-04,Monday,tokyo,02:00:00,07:59:59,45863.28,46173.99,310.7099999999991,0.0067747008063967495,7644.46542
280,2022-04-04,Monday,london,09:00:00,15:29:59,46158.41,45679.99,-478.42000000000553,-0.010364741766451746,13725.02633
281,2022-04-04,Monday,new_york,15:30:00,21:59:59,45679.99,46449.06,769.0699999999997,0.01683603696060354,7624.453869999999
282,2022-04-05,Tuesday,tokyo,02:00:00,07:59:59,46632.23,46709.99,77.75999999999476,0.0016675162221493345,12591.89928
283,2022-04-05,Tuesday,london,09:00:00,15:29:59,46665.88,45764.61,-901.2699999999968,-0.019313254137712565,20971.374089999998
284,2022-04-05,Tuesday,new_york,15:30:00,21:59:59,45764.61,45953.55,188.94000000000233,0.004128517647151497,10182.371
285,2022-04-06,Wednesday,tokyo,02:00:00,07:59:59,45188.87,45276.04,87.16999999999825,0.001929014821570041,9660.74313
286,2022-04-06,Wednesday,london,09:00:00,15:29:59,45366.85,43889.5,-1477.3499999999985,-0.03256452674144228,14340.54832
287,2022-04-06,Wednesday,new_york,15:30:00,21:59:59,43889.5,43845.82,-43.68000000000029,-0.000995226648742853,10504.386989999999
288,2022-04-07,Thursday,tokyo,02:00:00,07:59:59,43374.97,43445.33,70.36000000000058,0.0016221336867783265,11452.426490000002
289,2022-04-07,Thursday,london,09:00:00,15:29:59,43521.92,43160.05,-361.86999999999534,-0.008314660750260883,7509.749990000001
290,2022-04-07,Thursday,new_york,15:30:00,21:59:59,43160.05,43520.07,360.0199999999968,0.008341510262383833,6429.26319
291,2022-04-08,Friday,tokyo,02:00:00,07:59:59,43607.61,43763.52,155.90999999999622,0.0035752933948913768,6437.2126
292,2022-04-08,Friday,london,09:00:00,15:29:59,43700.33,43850.0,149.66999999999825,0.003424916928544963,6464.812580000001
293,2022-04-08,Friday,new_york,15:30:00,21:59:59,43850.0,42563.36,-1286.6399999999994,-0.02934184720638544,8032.570469999999
294,2022-04-09,Saturday,tokyo,02:00:00,07:59:59,42433.4,42481.09,47.68999999999505,0.001123878831297942,5670.4516699999995
295,2022-04-09,Saturday,london,09:00:00,15:29:59,42463.5,42362.14,-101.36000000000058,-0.002386991180661102,7335.558069999999
296,2022-04-09,Saturday,new_york,15:30:00,21:59:59,42362.14,42558.06,195.91999999999825,0.004624884389693218,7902.7164299999995
297,2022-04-10,Sunday,tokyo,02:00:00,07:59:59,42767.22,42633.59,-133.63000000000466,-0.003124589346700679,10489.7715
298,2022-04-10,Sunday,london,09:00:00,15:29:59,42642.55,42724.6,82.04999999999563,0.0019241344619398415,14914.758110000002
299,2022-04-10,Sunday,new_york,15:30:00,21:59:59,42724.61,42706.0,-18.610000000000582,-0.00043558033648527505,15713.67553
300,2022-04-11,Monday,tokyo,02:00:00,07:59:59,42159.32,42305.75,146.4300000000003,0.0034732533636689933,16092.340070000002
301,2022-04-11,Monday,london,09:00:00,15:29:59,42200.0,40796.98,-1403.0199999999968,-0.033246919431279554,13639.791450000002
302,2022-04-11,Monday,new_york,15:30:00,21:59:59,40796.99,39395.29,-1401.699999999997,-0.03435792689607731,10347.851089999998
303,2022-04-12,Tuesday,tokyo,02:00:00,07:59:59,39504.54,40183.97,679.4300000000003,0.017198782722188444,10687.62958
304,2022-04-12,Tuesday,london,09:00:00,15:29:59,40182.02,40318.09,136.0699999999997,0.0033863404577469947,13649.752299999998
305,2022-04-12,Tuesday,new_york,15:30:00,21:59:59,40318.08,39693.79,-624.2900000000009,-0.015484120275568669,9250.30952
306,2022-04-13,Wednesday,tokyo,02:00:00,07:59:59,39882.9,40130.0,247.09999999999854,0.006195637729452974,8327.77752
307,2022-04-13,Wednesday,london,09:00:00,15:29:59,40162.32,41298.81,1136.489999999998,0.0282974190734,9659.43742
308,2022-04-13,Wednesday,new_york,15:30:00,21:59:59,41298.81,41219.72,-79.08999999999651,-0.0019150672864423068,8624.37097
309,2022-04-14,Thursday,tokyo,02:00:00,07:59:59,41470.0,41271.66,-198.3399999999965,-0.004782734506872388,5165.829209999999
310,2022-04-14,Thursday,london,09:00:00,15:29:59,41172.72,40417.82,-754.9000000000015,-0.018334955766828198,8254.642890000001
311,2022-04-14,Thursday,new_york,15:30:00,21:59:59,40417.83,39970.0,-447.83000000000175,-0.01108001097535427,6028.97006
312,2022-04-15,Friday,tokyo,02:00:00,07:59:59,39941.01,40239.43,298.41999999999825,0.007471518622087947,4074.65816
313,2022-04-15,Friday,london,09:00:00,15:29:59,40153.98,40508.74,354.75999999999476,0.008834989707122265,4665.188169999999
314,2022-04-15,Friday,new_york,15:30:00,21:59:59,40508.74,40426.0,-82.73999999999796,-0.002042522181632811,4625.399590000001
315,2022-04-16,Saturday,tokyo,02:00:00,07:59:59,40579.99,40393.77,-186.22000000000116,-0.004588961209699649,11327.87505
316,2022-04-16,Saturday,london,09:00:00,15:29:59,40370.0,40203.02,-166.9800000000032,-0.004136239782016382,4703.43298
317,2022-04-16,Saturday,new_york,15:30:00,21:59:59,40203.02,40485.28,282.26000000000204,0.00702086559666415,7435.037469999999
318,2022-04-17,Sunday,tokyo,02:00:00,07:59:59,40387.44,40285.15,-102.29000000000087,-0.002532718092555508,10267.34879
319,2022-04-17,Sunday,london,09:00:00,15:29:59,40390.15,40394.64,4.489999999997963,0.00011116571738400971,8997.83519
320,2022-04-17,Sunday,new_york,15:30:00,21:59:59,40394.65,40208.14,-186.51000000000204,-0.004617195593971002,7456.2005500000005
321,2022-04-18,Monday,tokyo,02:00:00,07:59:59,39752.13,38919.85,-832.2799999999988,-0.02093673974199617,11903.48281
322,2022-04-18,Monday,london,09:00:00,15:29:59,38874.87,39201.47,326.59999999999854,0.008401314268060567,10963.00656
323,2022-04-18,Monday,new_york,15:30:00,21:59:59,39201.47,40801.3,1599.8300000000017,0.04081045940369088,7640.314480000001
324,2022-04-19,Tuesday,tokyo,02:00:00,07:59:59,40750.05,40683.14,-66.91000000000349,-0.0016419611755078556,7378.74725
325,2022-04-19,Tuesday,london,09:00:00,15:29:59,40725.91,41510.16,784.25,0.019256782721368326,13915.85145
326,2022-04-19,Tuesday,new_york,15:30:00,21:59:59,41510.16,41313.07,-197.09000000000378,-0.004747994225992036,15761.204600000001
327,2022-04-20,Wednesday,tokyo,02:00:00,07:59:59,41351.39,41340.05,-11.339999999996508,-0.0002742350378064362,11526.19595
328,2022-04-20,Wednesday,london,09:00:00,15:29:59,41477.52,41184.78,-292.73999999999796,-0.007057799019806299,13752.550620000002
329,2022-04-20,Wednesday,new_york,15:30:00,21:59:59,41184.79,41496.45,311.6599999999962,0.007567356783900081,11050.873039999997
330,2022-04-21,Thursday,tokyo,02:00:00,07:59:59,41674.48,41855.69,181.20999999999913,0.0043482246209189945,10456.74427
331,2022-04-21,Thursday,london,09:00:00,15:29:59,41922.96,42475.05,552.0900000000038,0.013169155994710469,12529.665430000001
332,2022-04-21,Thursday,new_york,15:30:00,21:59:59,42475.04,40726.46,-1748.5800000000017,-0.04116723609913031,10116.449429999999
333,2022-04-22,Friday,tokyo,02:00:00,07:59:59,40501.23,40709.59,208.3599999999933,0.005144535116587745,6690.570129999999
334,2022-04-22,Friday,london,09:00:00,15:29:59,40407.33,39798.0,-609.3300000000017,-0.015079689749359915,7802.94121
335,2022-04-22,Friday,new_york,15:30:00,21:59:59,39797.99,39615.22,-182.7699999999968,-0.004592442985185907,6863.57242
336,2022-04-23,Saturday,tokyo,02:00:00,07:59:59,39608.78,39600.98,-7.799999999995634,-0.00019692603508603135,6023.06004
337,2022-04-23,Saturday,london,09:00:00,15:29:59,39639.21,39793.09,153.87999999999738,0.003882014803019418,9900.54287
338,2022-04-23,Saturday,new_york,15:30:00,21:59:59,39793.09,39895.0,101.91000000000349,0.002560997399297271,10406.899780000002
339,2022-04-24,Sunday,tokyo,02:00:00,07:59:59,39476.22,39751.38,275.1599999999962,0.006970272229711805,8534.605529999999
340,2022-04-24,Sunday,london,09:00:00,15:29:59,39723.88,39690.0,-33.87999999999738,-0.0008528874822901766,14701.73103
341,2022-04-24,Sunday,new_york,15:30:00,21:59:59,39690.0,39633.37,-56.62999999999738,-0.0014268077601410356,12703.419629999999
342,2022-04-25,Monday,tokyo,02:00:00,07:59:59,39095.81,38453.92,-641.8899999999994,-0.016418383453367547,16238.948069999997
343,2022-04-25,Monday,london,09:00:00,15:29:59,38418.06,39221.88,803.8199999999997,0.020922972164653775,17636.29931
344,2022-04-25,Monday,new_york,15:30:00,21:59:59,39221.87,40227.58,1005.7099999999991,0.025641561710341598,12624.886160000002
345,2022-04-26,Tuesday,tokyo,02:00:00,07:59:59,40474.98,40584.5,109.5199999999968,0.0027058691566987925,14344.548680000002
346,2022-04-26,Tuesday,london,09:00:00,15:29:59,40511.93,39143.58,-1368.3499999999985,-0.03377647028912223,16006.32003
347,2022-04-26,Tuesday,new_york,15:30:00,21:59:59,39143.57,38330.02,-813.5500000000029,-0.020783745580691848,14575.765049999998
348,2022-04-27,Wednesday,tokyo,02:00:00,07:59:59,38310.79,39112.74,801.9499999999971,0.02093274505694076,13728.91622
349,2022-04-27,Wednesday,london,09:00:00,15:29:59,38980.01,38790.7,-189.31000000000495,-0.00485659187876053,19499.09005
350,2022-04-27,Wednesday,new_york,15:30:00,21:59:59,38790.69,39221.97,431.27999999999884,0.011118131696033151,11981.82876
351,2022-04-28,Thursday,tokyo,02:00:00,07:59:59,39230.01,39385.01,155.0,0.003951056856727808,10437.31612
352,2022-04-28,Thursday,london,09:00:00,15:29:59,39634.26,39707.92,73.65999999999622,0.001858493131951855,11797.704679999997
353,2022-04-28,Thursday,new_york,15:30:00,21:59:59,39707.93,39853.02,145.0899999999965,0.0036539300839906197,12873.233479999999
354,2022-04-29,Friday,tokyo,02:00:00,07:59:59,39820.47,39610.14,-210.33000000000175,-0.005281956742348881,12526.082509999998
355,2022-04-29,Friday,london,09:00:00,15:29:59,39410.22,38953.69,-456.52999999999884,-0.011584051040567589,12587.073229999998
356,2022-04-29,Friday,new_york,15:30:00,21:59:59,38953.69,38560.15,-393.5400000000009,-0.010102765617326592,7061.03172
357,2022-04-30,Saturday,tokyo,02:00:00,07:59:59,38701.96,38650.34,-51.62000000000262,-0.0013337825784535129,8048.53615
358,2022-04-30,Saturday,london,09:00:00,15:29:59,38577.07,38467.55,-109.5199999999968,-0.0028389921785142436,12880.633860000002
359,2022-04-30,Saturday,new_york,15:30:00,21:59:59,38467.54,38301.14,-166.40000000000146,-0.004325725013868853,8759.56414
360,2022-05-01,Sunday,tokyo,02:00:00,07:59:59,37937.07,37970.27,33.19999999999709,0.000875133477624912,10705.380149999999
361,2022-05-01,Sunday,london,09:00:00,15:29:59,38031.51,38282.9,251.38999999999942,0.0066100451967328056,10585.3582
362,2022-05-01,Sunday,new_york,15:30:00,21:59:59,38282.89,38342.63,59.73999999999796,0.0015604882494502093,9380.20715
363,2022-05-02,Monday,tokyo,02:00:00,07:59:59,38493.57,38881.47,387.90000000000146,0.010077007666475346,11955.447460000001
364,2022-05-02,Monday,london,09:00:00,15:29:59,38922.16,38756.02,-166.1400000000067,-0.004268519527179548,14383.239979999998
365,2022-05-02,Monday,new_york,15:30:00,21:59:59,38756.03,38639.67,-116.36000000000058,-0.0030023715019315,12257.23419
366,2022-05-03,Tuesday,tokyo,02:00:00,07:59:59,38518.04,38559.99,41.94999999999709,0.0010891000684354335,13067.280719999999
367,2022-05-03,Tuesday,london,09:00:00,15:29:59,38530.0,38369.88,-160.12000000000262,-0.004155722813392271,13535.22378
368,2022-05-03,Tuesday,new_york,15:30:00,21:59:59,38369.88,37795.58,-574.2999999999956,-0.014967469275379397,9311.04771
369,2022-05-04,Wednesday,tokyo,02:00:00,07:59:59,37888.02,38701.32,813.3000000000029,0.021465888162010227,14780.700659999999
370,2022-05-04,Wednesday,london,09:00:00,15:29:59,38968.53,38772.77,-195.76000000000204,-0.005023540790478953,30241.368359999997
371,2022-05-04,Wednesday,new_york,15:30:00,21:59:59,38772.78,39741.08,968.3000000000029,0.024973705780189093,19127.19537
372,2022-05-05,Thursday,tokyo,02:00:00,07:59:59,39629.71,39588.84,-40.87000000000262,-0.0010312969739117994,10839.46549
373,2022-05-05,Thursday,london,09:00:00,15:29:59,39482.98,37114.16,-2368.8199999999997,-0.05999597801381762,17882.44363
374,2022-05-05,Thursday,new_york,15:30:00,21:59:59,37114.15,36458.58,-655.5699999999997,-0.017663613473567374,18765.54103
375,2022-05-06,Friday,tokyo,02:00:00,07:59:59,36311.57,36371.94,60.37000000000262,0.0016625554885123517,12550.2424
376,2022-05-06,Friday,london,09:00:00,15:29:59,36218.07,36307.62,89.55000000000291,0.0024725226937825084,15035.70815
377,2022-05-06,Friday,new_york,15:30:00,21:59:59,36307.62,35959.47,-348.15000000000146,-0.00958889621517467,12779.675369999999
378,2022-05-07,Saturday,tokyo,02:00:00,07:59:59,36017.06,35921.6,-95.45999999999913,-0.0026504106665008464,14330.83411
379,2022-05-07,Saturday,london,09:00:00,15:29:59,36015.0,35999.6,-15.400000000001455,-0.00042759961127314394,17329.61877
380,2022-05-07,Saturday,new_york,15:30:00,21:59:59,35999.6,35026.37,-973.2299999999959,-0.027034467049633748,28513.29819
381,2022-05-08,Sunday,tokyo,02:00:00,07:59:59,34824.18,34596.55,-227.62999999999738,-0.006536550178640188,42574.313306000004
382,2022-05-08,Sunday,london,09:00:00,15:29:59,34664.05,34532.44,-131.61000000000058,-0.003796728887709322,37133.264942
383,2022-05-08,Sunday,new_york,15:30:00,21:59:59,34532.43,34460.7,-71.7300000000032,-0.0020771778875683378,32056.193044999996
384,2022-05-09,Monday,tokyo,02:00:00,07:59:59,34053.6,33523.27,-530.3300000000017,-0.015573390184885016,42184.730566
385,2022-05-09,Monday,london,09:00:00,15:29:59,33671.42,32289.13,-1382.2899999999972,-0.04105232271166459,39675.82233600001
386,2022-05-09,Monday,new_york,15:30:00,21:59:59,32289.13,30835.14,-1453.9900000000016,-0.04503032444664823,69819.48857700001
387,2022-05-10,Tuesday,tokyo,02:00:00,07:59:59,30888.8,31609.78,720.9799999999996,0.023341146305456917,58708.27891
388,2022-05-10,Tuesday,london,09:00:00,15:29:59,31749.81,31145.4,-604.4099999999999,-0.01903664935317717,46550.27172
389,2022-05-10,Tuesday,new_york,15:30:00,21:59:59,31145.4,30239.04,-906.3600000000006,-0.029100926621587808,40580.09836
390,2022-05-11,Wednesday,tokyo,02:00:00,07:59:59,30768.31,30614.99,-153.3199999999997,-0.004983049117744831,39381.781429999995
391,2022-05-11,Wednesday,london,09:00:00,15:29:59,31406.79,31336.69,-70.10000000000218,-0.002232001423896013,45759.888698
392,2022-05-11,Wednesday,new_york,15:30:00,21:59:59,31336.69,29117.98,-2218.709999999999,-0.07080230873139437,39839.056683999996
393,2022-05-12,Thursday,tokyo,02:00:00,07:59:59,29227.18,28193.4,-1033.7799999999988,-0.03537050101994099,36935.18504
394,2022-05-12,Thursday,london,09:00:00,15:29:59,28112.81,29280.83,1168.0200000000004,0.0415476076564385,27134.695899999995
395,2022-05-12,Thursday,new_york,15:30:00,21:59:59,29280.82,28445.2,-835.619999999999,-0.028538135202497705,20294.46542
396,2022-05-13,Friday,tokyo,02:00:00,07:59:59,29522.94,30171.13,648.1900000000023,0.021955469204625322,18053.17057
397,2022-05-13,Friday,london,09:00:00,15:29:59,30335.38,30554.2,218.8199999999997,0.007213359450252366,14463.673499999999
398,2022-05-13,Friday,new_york,15:30:00,21:59:59,30554.2,30046.65,-507.5499999999993,-0.016611464217685223,13035.63575
399,2022-05-14,Saturday,tokyo,02:00:00,07:59:59,29706.35,29431.59,-274.7599999999984,-0.009249200928420964,10329.48251
400,2022-05-14,Saturday,london,09:00:00,15:29:59,29538.32,28930.29,-608.0299999999988,-0.020584447592144728,20367.23453
401,2022-05-14,Saturday,new_york,15:30:00,21:59:59,28930.29,29701.15,770.8600000000006,0.026645429409798638,13476.447419999999
402,2022-05-15,Sunday,tokyo,02:00:00,07:59:59,29936.7,29825.99,-110.70999999999913,-0.0036981364011396956,14379.458589999998
403,2022-05-15,Sunday,london,09:00:00,15:29:59,29587.86,29989.93,402.0699999999997,0.01358901928020484,12825.52418
404,2022-05-15,Sunday,new_york,15:30:00,21:59:59,29989.94,31075.87,1085.9300000000003,0.036209809022625494,14509.77719
405,2022-05-16,Monday,tokyo,02:00:00,07:59:59,30776.05,29593.89,-1182.1599999999999,-0.03841168700986641,19277.123050000006
406,2022-05-16,Monday,london,09:00:00,15:29:59,29797.9,29620.74,-177.15999999999985,-0.0059453854130659956,13424.841209999999
407,2022-05-16,Monday,new_york,15:30:00,21:59:59,29620.74,30170.0,549.2599999999984,0.01854308839009411,14215.65766
408,2022-05-17,Tuesday,tokyo,02:00:00,07:59:59,29998.26,30412.06,413.8000000000029,0.01379413339307023,14616.814749999998
409,2022-05-17,Tuesday,london,09:00:00,15:29:59,30577.16,29993.67,-583.4900000000016,-0.019082543964187737,18434.524129999998
410,2022-05-17,Tuesday,new_york,15:30:00,21:59:59,29993.66,30551.79,558.130000000001,0.01860826588018938,14373.30893
411,2022-05-18,Wednesday,tokyo,02:00:00,07:59:59,30125.41,29910.25,-215.15999999999985,-0.007142143459624273,13972.25109
412,2022-05-18,Wednesday,london,09:00:00,15:29:59,29875.17,29010.22,-864.9499999999971,-0.028952136506670834,16821.29187
413,2022-05-18,Wednesday,new_york,15:30:00,21:59:59,29010.22,29208.32,198.09999999999854,0.006828627980070445,14384.752750000001
414,2022-05-19,Thursday,tokyo,02:00:00,07:59:59,28766.73,29192.13,425.40000000000146,0.014787916457657868,12069.455690000003
415,2022-05-19,Thursday,london,09:00:00,15:29:59,28966.75,30116.29,1149.5400000000009,0.03968481103333987,14140.56717
416,2022-05-19,Thursday,new_york,15:30:00,21:59:59,30116.29,30276.23,159.9399999999987,0.0053107471072963985,17017.173350000005
417,2022-05-20,Friday,tokyo,02:00:00,07:59:59,30475.58,30256.74,-218.84000000000015,-0.00718083134102776,8700.552599999999
418,2022-05-20,Friday,london,09:00:00,15:29:59,30183.99,29332.64,-851.3500000000022,-0.028205349922260203,8980.151409999999
419,2022-05-20,Friday,new_york,15:30:00,21:59:59,29332.65,29183.6,-149.0500000000029,-0.005081368372786055,7847.19426
420,2022-05-21,Saturday,tokyo,02:00:00,07:59:59,29150.0,29423.18,273.1800000000003,0.009371526586620993,5897.909490000001
421,2022-05-21,Saturday,london,09:00:00,15:29:59,29375.04,29317.39,-57.650000000001455,-0.0019625505190802306,9812.920649999998
422,2022-05-21,Saturday,new_york,15:30:00,21:59:59,29317.39,29352.56,35.17000000000189,0.00119962929851547,10448.90137
423,2022-05-22,Sunday,tokyo,02:00:00,07:59:59,29505.7,29441.78,-63.92000000000189,-0.0021663610759955487,13872.098339999999
424,2022-05-22,Sunday,london,09:00:00,15:29:59,29555.03,29730.17,175.13999999999942,0.005925894847679025,12555.30939
425,2022-05-22,Sunday,new_york,15:30:00,21:59:59,29730.16,30017.71,287.5499999999993,0.009671996383470605,10069.410170000001
426,2022-05-23,Monday,tokyo,02:00:00,07:59:59,30220.0,30457.01,237.0099999999984,0.007842819324950234,15026.22913
427,2022-05-23,Monday,london,09:00:00,15:29:59,30345.73,30431.16,85.43000000000029,0.0028152230972857684,20696.26054
428,2022-05-23,Monday,new_york,15:30:00,21:59:59,30431.17,29346.34,-1084.829999999998,-0.03564864577996829,12798.4555
429,2022-05-24,Tuesday,tokyo,02:00:00,07:59:59,29224.83,29404.55,179.71999999999753,0.00614956528404087,16931.54892
430,2022-05-24,Tuesday,london,09:00:00,15:29:59,29158.43,29115.53,-42.900000000001455,-0.0014712726302479329,19826.215949999998
431,2022-05-24,Tuesday,new_york,15:30:00,21:59:59,29115.53,29586.76,471.22999999999956,0.016184833317477,19403.67013
432,2022-05-25,Wednesday,tokyo,02:00:00,07:59:59,29789.69,29701.46,-88.22999999999956,-0.002961762945502322,23572.52052
433,2022-05-25,Wednesday,london,09:00:00,15:29:59,29821.04,29715.91,-105.13000000000102,-0.003525363300542206,23345.703729999997
434,2022-05-25,Wednesday,new_york,15:30:00,21:59:59,29715.92,29824.98,109.06000000000131,0.003670086606775147,17543.46414
435,2022-05-26,Thursday,tokyo,02:00:00,07:59:59,29677.28,29733.7,56.42000000000189,0.0019011176226393367,14689.862650000003
436,2022-05-26,Thursday,london,09:00:00,15:29:59,29009.58,29337.35,327.7699999999968,0.011298681332166716,28065.04626
437,2022-05-26,Thursday,new_york,15:30:00,21:59:59,29337.35,29578.92,241.5699999999997,0.00823421338328112,11479.29315
438,2022-05-27,Friday,tokyo,02:00:00,07:59:59,28959.82,28992.99,33.17000000000189,0.0011453800472518427,17319.845380000002
439,2022-05-27,Friday,london,09:00:00,15:29:59,28940.95,28816.34,-124.61000000000058,-0.004305663773994994,8866.44004
440,2022-05-27,Friday,new_york,15:30:00,21:59:59,28816.34,28718.71,-97.63000000000102,-0.0033880083313841958,10567.130299999999
441,2022-05-28,Saturday,tokyo,02:00:00,07:59:59,28615.83,28885.72,269.8899999999994,0.009431492988321466,9982.20195
442,2022-05-28,Saturday,london,09:00:00,15:29:59,28838.49,28993.25,154.7599999999984,0.005366439088870356,12201.416379999999
443,2022-05-28,Saturday,new_york,15:30:00,21:59:59,28993.25,29017.47,24.220000000001164,0.0008353668526295266,10766.66528
444,2022-05-29,Sunday,tokyo,02:00:00,07:59:59,28925.85,29008.35,82.5,0.002852120162415206,13599.79026
445,2022-05-29,Sunday,london,09:00:00,15:29:59,29063.29,29213.68,150.38999999999942,0.005174569018166819,22558.15302
446,2022-05-29,Sunday,new_york,15:30:00,21:59:59,29213.68,29235.64,21.959999999999127,0.0007517026269883154,16646.53475
447,2022-05-30,Monday,tokyo,02:00:00,07:59:59,29770.0,30636.12,866.119999999999,0.02909371850856557,23796.984699999997
448,2022-05-30,Monday,london,09:00:00,15:29:59,30731.78,30580.0,-151.77999999999884,-0.00493886133507393,20343.68891
449,2022-05-30,Monday,new_york,15:30:00,21:59:59,30580.09,31807.98,1227.8899999999994,0.040153250039486554,18387.762189999998
450,2022-05-31,Tuesday,tokyo,02:00:00,07:59:59,31558.69,31573.77,15.080000000001746,0.00047783985963945064,14556.50625
451,2022-05-31,Tuesday,london,09:00:00,15:29:59,31624.82,31655.06,30.2400000000016,0.000956210976062577,22607.557660000002
452,2022-05-31,Tuesday,new_york,15:30:00,21:59:59,31655.05,31720.01,64.95999999999913,0.00205212122552334,17438.67449
453,2022-06-01,Wednesday,tokyo,02:00:00,07:59:59,31926.13,31482.43,-443.7000000000007,-0.0138977069879751,21299.984709999997
454,2022-06-01,Wednesday,london,09:00:00,15:29:59,31624.9,30918.51,-706.390000000003,-0.02233651331703823,15281.345430000001
455,2022-06-01,Wednesday,new_york,15:30:00,21:59:59,30918.52,29592.93,-1325.5900000000001,-0.04287365630696427,24542.77499
456,2022-06-02,Thursday,tokyo,02:00:00,07:59:59,29811.9,29968.26,156.35999999999694,0.005244885431656465,13536.186519999997
457,2022-06-02,Thursday,london,09:00:00,15:29:59,29938.47,30301.85,363.3799999999974,0.012137560803875402,12353.77096
458,2022-06-02,Thursday,new_york,15:30:00,21:59:59,30301.85,30367.37,65.52000000000044,0.002162244219412468,9811.957709999999
459,2022-06-03,Friday,tokyo,02:00:00,07:59:59,30628.39,30443.74,-184.64999999999782,-0.00602872041266278,9030.96736
460,2022-06-03,Friday,london,09:00:00,15:29:59,30440.97,29478.22,-962.75,-0.031626784560413124,10008.55725
461,2022-06-03,Friday,new_york,15:30:00,21:59:59,29478.22,29807.1,328.8799999999974,0.011156711633198979,6824.972820000001
462,2022-06-04,Saturday,tokyo,02:00:00,07:59:59,29584.26,29700.96,116.70000000000073,0.003944665169924866,9218.05922
463,2022-06-04,Saturday,london,09:00:00,15:29:59,29750.03,29860.92,110.88999999999942,0.0037273911992694586,10910.89225
464,2022-06-04,Saturday,new_york,15:30:00,21:59:59,29860.93,29846.33,-14.599999999998545,-0.0004889331979948119,8056.62583
465,2022-06-05,Sunday,tokyo,02:00:00,07:59:59,29691.73,29645.67,-46.06000000000131,-0.0015512737048329894,13770.657959999999
466,2022-06-05,Sunday,london,09:00:00,15:29:59,29691.82,29829.2,137.38000000000102,0.0046268635604014285,17154.23443
467,2022-06-05,Sunday,new_york,15:30:00,21:59:59,29829.2,29965.23,136.02999999999884,0.004560296622101889,22919.89191
468,2022-06-06,Monday,tokyo,02:00:00,07:59:59,30844.06,31292.77,448.7099999999991,0.014547695731366161,23559.70959
469,2022-06-06,Monday,london,09:00:00,15:29:59,31469.27,31260.25,-209.02000000000044,-0.006642035229924348,26222.410399999993
470,2022-06-06,Monday,new_york,15:30:00,21:59:59,31260.26,31488.86,228.60000000000218,0.007312799061812036,17370.528729999998
471,2022-06-07,Tuesday,tokyo,02:00:00,07:59:59,29568.47,29585.12,16.649999999997817,0.0005630998154453337,17654.59903
472,2022-06-07,Tuesday,london,09:00:00,15:29:59,29652.76,29811.75,158.9900000000016,0.005361726867920691,12746.765589999999
473,2022-06-07,Tuesday,new_york,15:30:00,21:59:59,29811.74,31401.21,1589.4699999999975,0.05331691474566713,13333.63444
474,2022-06-08,Wednesday,tokyo,02:00:00,07:59:59,31118.19,30561.77,-556.4199999999983,-0.017880860037167934,13285.551729999997
475,2022-06-08,Wednesday,london,09:00:00,15:29:59,30505.24,30480.05,-25.19000000000233,-0.0008257597711082143,16725.09616
476,2022-06-08,Wednesday,new_york,15:30:00,21:59:59,30480.05,30424.25,-55.79999999999927,-0.0018307056582912429,16499.209170000002
477,2022-06-09,Thursday,tokyo,02:00:00,07:59:59,30090.51,30487.54,397.0300000000025,0.01319452545005051,24219.93676
478,2022-06-09,Thursday,london,09:00:00,15:29:59,30510.56,30133.64,-376.9200000000019,-0.012353755552176104,20782.44567
479,2022-06-09,Thursday,new_york,15:30:00,21:59:59,30133.63,30139.31,5.680000000000291,0.000188493719475602,12653.23748
480,2022-06-10,Friday,tokyo,02:00:00,07:59:59,29885.73,30052.43,166.70000000000073,0.005577912937043905,13764.58059
481,2022-06-10,Friday,london,09:00:00,15:29:59,30020.8,29396.91,-623.8899999999994,-0.020781924532324192,19203.496789999997
482,2022-06-10,Friday,new_york,15:30:00,21:59:59,29396.92,29200.01,-196.90999999999985,-0.006698320776462263,24522.162559999997
483,2022-06-11,Saturday,tokyo,02:00:00,07:59:59,29209.05,29326.83,117.78000000000247,0.00403231190333142,27790.194599
484,2022-06-11,Saturday,london,09:00:00,15:29:59,28994.04,28512.89,-481.15000000000146,-0.016594789825771117,44635.97605399999
485,2022-06-11,Saturday,new_york,15:30:00,21:59:59,28512.89,28561.05,48.159999999999854,0.0016890606318755719,33622.921146
486,2022-06-12,Sunday,tokyo,02:00:00,07:59:59,28244.7,27645.89,-598.8100000000013,-0.021200791652947304,53365.420258000006
487,2022-06-12,Sunday,london,09:00:00,15:29:59,27568.21,28142.81,574.6000000000022,0.020842847613247395,55987.891690000004
488,2022-06-12,Sunday,new_york,15:30:00,21:59:59,28142.8,27369.34,-773.4599999999991,-0.027483406057677295,45988.525457
489,2022-06-13,Monday,tokyo,02:00:00,07:59:59,25771.6,24811.59,-960.0099999999984,-0.037250694563007336,49345.301903
490,2022-06-13,Monday,london,09:00:00,15:29:59,24182.6,22943.47,-1239.1299999999974,-0.051240561395383355,52944.580759
491,2022-06-13,Monday,new_york,15:30:00,21:59:59,22943.47,23061.45,117.97999999999956,0.005142203860183381,47591.586026000004
492,2022-06-14,Tuesday,tokyo,02:00:00,07:59:59,20855.0,22877.52,2022.5200000000004,0.09698010069527685,55920.700719
493,2022-06-14,Tuesday,london,09:00:00,15:29:59,22609.9,22472.87,-137.03000000000247,-0.006060619463155614,34989.31818
494,2022-06-14,Tuesday,new_york,15:30:00,21:59:59,22472.87,21484.73,-988.1399999999994,-0.043970351806422614,34580.14526
495,2022-06-15,Wednesday,tokyo,02:00:00,07:59:59,22164.0,20722.92,-1441.0800000000017,-0.06501894964807808,32493.6919
496,2022-06-15,Wednesday,london,09:00:00,15:29:59,20265.07,21231.75,966.6800000000003,0.04770178440044859,29810.513116000002
497,2022-06-15,Wednesday,new_york,15:30:00,21:59:59,21231.74,22214.02,982.2799999999988,0.04626469615773354,23244.39931
498,2022-06-16,Thursday,tokyo,02:00:00,07:59:59,22368.42,21764.17,-604.25,-0.027013530682989728,21850.326839999998
499,2022-06-16,Thursday,london,09:00:00,15:29:59,21786.97,21206.94,-580.0300000000025,-0.026622793348501483,24387.34498
500,2022-06-16,Thursday,new_york,15:30:00,21:59:59,21206.94,20685.5,-521.4399999999987,-0.024588177266498534,38244.063008000005
501,2022-06-17,Friday,tokyo,02:00:00,07:59:59,20880.81,21100.64,219.8299999999981,0.010527848297072762,40716.447831
502,2022-06-17,Friday,london,09:00:00,15:29:59,21069.39,20641.16,-428.22999999999956,-0.02032474599407008,44951.18950600001
503,2022-06-17,Friday,new_york,15:30:00,21:59:59,20641.16,20554.16,-87.0,-0.004214879396313043,44903.537549
504,2022-06-18,Saturday,tokyo,02:00:00,07:59:59,20390.02,19258.58,-1131.4399999999987,-0.05548989162345097,37801.380170000004
505,2022-06-18,Saturday,london,09:00:00,15:29:59,19008.89,19096.81,87.92000000000189,0.004625204312298292,40223.05805299999
506,2022-06-18,Saturday,new_york,15:30:00,21:59:59,19096.81,18517.72,-579.0900000000001,-0.030323912737258207,27147.097775
507,2022-06-19,Sunday,tokyo,02:00:00,07:59:59,18480.1,18306.93,-173.16999999999825,-0.009370620288851161,29447.398070000003
508,2022-06-19,Sunday,london,09:00:00,15:29:59,18671.78,19420.09,748.3100000000013,0.040077057463187904,32238.567900000002
509,2022-06-19,Sunday,new_york,15:30:00,21:59:59,19420.09,20395.64,975.5499999999993,0.05023406173709799,30190.77709
510,2022-06-20,Monday,tokyo,02:00:00,07:59:59,19795.53,20086.63,291.1000000000022,0.014705340043939419,22723.519939999995
511,2022-06-20,Monday,london,09:00:00,15:29:59,20568.23,20681.53,113.29999999999927,0.005508495383414136,30092.124010000003
512,2022-06-20,Monday,new_york,15:30:00,21:59:59,20681.53,20418.45,-263.0799999999981,-0.012720528897039896,20958.866240000003
513,2022-06-21,Tuesday,tokyo,02:00:00,07:59:59,20670.87,21120.28,449.40999999999985,0.021741223277007782,21252.614060000004
514,2022-06-21,Tuesday,london,09:00:00,15:29:59,21356.32,21532.51,176.1899999999987,0.008250016856836684,23285.777209999997
515,2022-06-21,Tuesday,new_york,15:30:00,21:59:59,21532.51,20972.91,-559.5999999999985,-0.02598860978120987,21308.044749999997
516,2022-06-22,Wednesday,tokyo,02:00:00,07:59:59,20411.23,20099.62,-311.6100000000006,-0.015266595888635881,17349.16949
517,2022-06-22,Wednesday,london,09:00:00,15:29:59,20235.06,20462.11,227.04999999999927,0.011220624006056834,25118.416390000002
518,2022-06-22,Wednesday,new_york,15:30:00,21:59:59,20462.11,20005.3,-456.8100000000013,-0.02232467717161135,24963.513179999998
519,2022-06-23,Thursday,tokyo,02:00:00,07:59:59,20375.48,20461.83,86.35000000000218,0.004237936971300815,16530.2651
520,2022-06-23,Thursday,london,09:00:00,15:29:59,20576.65,20426.38,-150.27000000000044,-0.007302938038990847,18956.931610000003
521,2022-06-23,Thursday,new_york,15:30:00,21:59:59,20426.39,20687.76,261.369999999999,0.012795702030559353,19277.51524
522,2022-06-24,Friday,tokyo,02:00:00,07:59:59,21047.59,20913.72,-133.86999999999898,-0.006360348144371808,16904.08182
523,2022-06-24,Friday,london,09:00:00,15:29:59,21053.33,20987.79,-65.54000000000087,-0.0031130467246749394,10825.88507
524,2022-06-24,Friday,new_york,15:30:00,21:59:59,20987.8,21317.48,329.6800000000003,0.015708173319738172,15599.658059999998
525,2022-06-25,Saturday,tokyo,02:00:00,07:59:59,21331.33,21508.13,176.79999999999927,0.008288278321135989,18170.36119
526,2022-06-25,Saturday,london,09:00:00,15:29:59,21395.37,21156.45,-238.91999999999825,-0.011166901997955558,12564.584760000002
527,2022-06-25,Saturday,new_york,15:30:00,21:59:59,21156.45,21512.07,355.619999999999,0.016809058230468743,15238.937999999998
528,2022-06-26,Sunday,tokyo,02:00:00,07:59:59,21395.08,21396.52,1.4399999999986903,6.730519353048692e-05,19817.758280000002
529,2022-06-26,Sunday,london,09:00:00,15:29:59,21453.22,21277.06,-176.15999999999985,-0.00821135475234025,13979.76064
530,2022-06-26,Sunday,new_york,15:30:00,21:59:59,21277.07,21381.85,104.77999999999884,0.004924550231775182,11119.217979999998
531,2022-06-27,Monday,tokyo,02:00:00,07:59:59,21090.55,21363.22,272.6700000000019,0.012928539085040436,17386.51483
532,2022-06-27,Monday,london,09:00:00,15:29:59,21489.81,20753.24,-736.5699999999997,-0.03427531467239586,19325.970660000003
533,2022-06-27,Monday,new_york,15:30:00,21:59:59,20753.24,20803.24,50.0,0.002409262360961506,15485.02496
534,2022-06-28,Tuesday,tokyo,02:00:00,07:59:59,20619.44,20879.39,259.9500000000007,0.012607034914624338,17945.509980000003
535,2022-06-28,Tuesday,london,09:00:00,15:29:59,21119.32,20686.78,-432.5400000000009,-0.020480773055193136,20509.09352
536,2022-06-28,Tuesday,new_york,15:30:00,21:59:59,20686.78,20393.44,-293.34000000000015,-0.014180070557138436,18292.93402
537,2022-06-29,Wednesday,tokyo,02:00:00,07:59:59,20357.66,20093.75,-263.90999999999985,-0.012963670677278216,22046.65297
538,2022-06-29,Wednesday,london,09:00:00,15:29:59,19990.38,20064.34,73.95999999999913,0.003699779593984598,21930.271070000003
539,2022-06-29,Wednesday,new_york,15:30:00,21:59:59,20064.35,20295.35,231.0,0.011512957060657358,22970.157939999997
540,2022-06-30,Thursday,tokyo,02:00:00,07:59:59,20018.45,19435.9,-582.5499999999993,-0.029100654646088908,20069.57633
541,2022-06-30,Thursday,london,09:00:00,15:29:59,19234.06,19200.22,-33.840000000000146,-0.0017593789350766054,28208.274800000003
542,2022-06-30,Thursday,new_york,15:30:00,21:59:59,19200.22,18819.8,-380.4200000000019,-0.019813314639103186,17994.457280000002
543,2022-07-01,Friday,tokyo,02:00:00,07:59:59,20416.45,19579.11,-837.3400000000001,-0.04101300666864216,13348.87882
544,2022-07-01,Friday,london,09:00:00,15:29:59,19524.56,19403.06,-121.5,-0.006222931528290565,15770.59543
545,2022-07-01,Friday,new_york,15:30:00,21:59:59,19403.07,19397.02,-6.049999999999272,-0.00031180632755534177,11428.45123
546,2022-07-02,Saturday,tokyo,02:00:00,07:59:59,19229.97,19126.81,-103.15999999999985,-0.005364542950405005,10047.54416
547,2022-07-02,Saturday,london,09:00:00,15:29:59,19113.84,19195.45,81.61000000000058,0.004269681026941807,18488.931
548,2022-07-02,Saturday,new_york,15:30:00,21:59:59,19195.46,19355.24,159.78000000000247,0.008323843242100004,14447.81053
549,2022-07-03,Sunday,tokyo,02:00:00,07:59:59,19189.31,19139.74,-49.56999999999971,-0.0025832090888103787,12291.923519999998
550,2022-07-03,Sunday,london,09:00:00,15:29:59,19014.89,19077.22,62.330000000001746,0.003277957432307188,20180.514909999998
551,2022-07-03,Sunday,new_york,15:30:00,21:59:59,19077.21,19300.92,223.70999999999913,0.011726557499760037,17791.20558
552,2022-07-04,Monday,tokyo,02:00:00,07:59:59,19226.59,19120.6,-105.9900000000016,-0.00551267801518629,22352.65892
553,2022-07-04,Monday,london,09:00:00,15:29:59,19147.25,19779.86,632.6100000000006,0.03303920928592885,24694.751529999994
554,2022-07-04,Monday,new_york,15:30:00,21:59:59,19779.86,19958.75,178.88999999999942,0.009044047834514402,16149.52173
555,2022-07-05,Tuesday,tokyo,02:00:00,07:59:59,20299.14,20215.69,-83.45000000000073,-0.00411101159950622,21000.96878
556,2022-07-05,Tuesday,london,09:00:00,15:29:59,19894.93,19440.01,-454.9200000000019,-0.022866127199241304,18259.25064
557,2022-07-05,Tuesday,new_york,15:30:00,21:59:59,19440.0,20373.12,933.119999999999,0.04800000000000004,18885.91158
558,2022-07-06,Wednesday,tokyo,02:00:00,07:59:59,19877.48,20162.22,284.7400000000016,0.014324753439570959,21162.905420000003
559,2022-07-06,Wednesday,london,09:00:00,15:29:59,20184.36,20101.65,-82.70999999999913,-0.004097727151120889,39785.86631
560,2022-07-06,Wednesday,new_york,15:30:00,21:59:59,20101.64,20354.91,253.27000000000044,0.012599469496021198,35477.73198
561,2022-07-07,Thursday,tokyo,02:00:00,07:59:59,20515.64,20440.01,-75.63000000000102,-0.0036864557966508338,32224.246269999996
562,2022-07-07,Thursday,london,09:00:00,15:29:59,20523.08,20894.47,371.3899999999994,0.018096211679728302,107617.36316999998
563,2022-07-07,Thursday,new_york,15:30:00,21:59:59,20894.47,21667.99,773.5200000000004,0.037020321644913645,53121.091420000004
564,2022-07-08,Friday,tokyo,02:00:00,07:59:59,22137.21,21797.64,-339.5699999999997,-0.01533933137915755,62581.196780000006
565,2022-07-08,Friday,london,09:00:00,15:29:59,21436.8,21932.7,495.90000000000146,0.023133116883117033,57169.370220000004
566,2022-07-08,Friday,new_york,15:30:00,21:59:59,21931.96,21700.37,-231.59000000000015,-0.010559475760488324,107371.55004
567,2022-07-09,Saturday,tokyo,02:00:00,07:59:59,21506.82,21654.72,147.90000000000146,0.006876888354484745,42907.180739999996
568,2022-07-09,Saturday,london,09:00:00,15:29:59,21722.94,21643.53,-79.40999999999985,-0.0036555825316462176,44505.676210000005
569,2022-07-09,Saturday,new_york,15:30:00,21:59:59,21642.86,21708.05,65.18999999999869,0.0030120788102865337,39007.42057
570,2022-07-10,Sunday,tokyo,02:00:00,07:59:59,21413.1,21338.12,-74.97999999999956,-0.0035015948181252865,38765.71211
571,2022-07-10,Sunday,london,09:00:00,15:29:59,21325.36,20939.07,-386.2900000000009,-0.018114113900070228,35924.975130000006
572,2022-07-10,Sunday,new_york,15:30:00,21:59:59,20940.16,21038.24,98.08000000000175,0.004683822855221731,30783.980519999997
573,2022-07-11,Monday,tokyo,02:00:00,07:59:59,20552.75,20439.91,-112.84000000000015,-0.005490262860201156,34615.28901
574,2022-07-11,Monday,london,09:00:00,15:29:59,20530.0,20397.95,-132.04999999999927,-0.00643205065757424,36872.60678
575,2022-07-11,Monday,new_york,15:30:00,21:59:59,20398.18,20239.38,-158.79999999999927,-0.0077850082703456724,54960.64842
576,2022-07-12,Tuesday,tokyo,02:00:00,07:59:59,19890.47,19730.99,-159.47999999999956,-0.008017910084578195,50098.20810000001
577,2022-07-12,Tuesday,london,09:00:00,15:29:59,19770.32,19944.66,174.34000000000015,0.008818269001209966,46771.38175999999
578,2022-07-12,Tuesday,new_york,15:30:00,21:59:59,19944.66,19349.5,-595.1599999999999,-0.02984056885401909,38869.09937999999
579,2022-07-13,Wednesday,tokyo,02:00:00,07:59:59,19429.2,19705.25,276.0499999999993,0.014207996211887286,48006.31289
580,2022-07-13,Wednesday,london,09:00:00,15:29:59,19851.96,19498.21,-353.75,-0.01781939919282527,43513.89160999999
581,2022-07-13,Wednesday,new_york,15:30:00,21:59:59,19498.2,19923.51,425.3099999999977,0.0218127827184047,40057.544259999995
582,2022-07-14,Thursday,tokyo,02:00:00,07:59:59,20277.84,19990.72,-287.119999999999,-0.01415929901804136,33989.105220000005
583,2022-07-14,Thursday,london,09:00:00,15:29:59,19764.62,20142.66,378.0400000000009,0.01912710692135744,40419.06735
584,2022-07-14,Thursday,new_york,15:30:00,21:59:59,20142.66,20478.23,335.5699999999997,0.01665966659815532,33532.93229
585,2022-07-15,Friday,tokyo,02:00:00,07:59:59,20629.27,20835.38,206.11000000000058,0.009991143651714385,34899.56899
586,2022-07-15,Friday,london,09:00:00,15:29:59,20867.1,20866.0,-1.0999999999985448,-5.271456024069643e-05,33798.96709
587,2022-07-15,Friday,new_york,15:30:00,21:59:59,20867.47,20967.4,99.93000000000029,0.004788793274891567,34342.69881
588,2022-07-16,Saturday,tokyo,02:00:00,07:59:59,20717.24,20546.18,-171.0600000000013,-0.008256891361976826,40694.43042999999
589,2022-07-16,Saturday,london,09:00:00,15:29:59,20606.76,20909.14,302.380000000001,0.014673825482511615,40891.78254
590,2022-07-16,Saturday,new_york,15:30:00,21:59:59,20909.14,21196.69,287.5499999999993,0.013752359016200533,46315.13463
591,2022-07-17,Sunday,tokyo,02:00:00,07:59:59,21155.33,21467.61,312.27999999999884,0.014761291835201806,50313.80966999999
592,2022-07-17,Sunday,london,09:00:00,15:29:59,21456.52,21250.95,-205.5699999999997,-0.00958077078668862,55161.319859999996
593,2022-07-17,Sunday,new_york,15:30:00,21:59:59,21250.95,21018.99,-231.95999999999913,-0.01091527672880499,50567.16343
594,2022-07-18,Monday,tokyo,02:00:00,07:59:59,20978.87,22245.93,1267.0600000000013,0.06039696132346495,53880.90905
595,2022-07-18,Monday,london,09:00:00,15:29:59,22289.81,22192.66,-97.15000000000146,-0.0043584938588530076,75609.82039000001
596,2022-07-18,Monday,new_york,15:30:00,21:59:59,22194.75,21659.73,-535.0200000000004,-0.02410570067245632,65926.77205
597,2022-07-19,Tuesday,tokyo,02:00:00,07:59:59,22054.99,21764.88,-290.1100000000006,-0.013153939312600005,51258.02937000001
598,2022-07-19,Tuesday,london,09:00:00,15:29:59,21922.08,22807.86,885.7799999999988,0.0404058374022902,70523.68239
599,2022-07-19,Tuesday,new_york,15:30:00,21:59:59,22807.86,23650.26,842.3999999999978,0.03693463569138,65832.23241
600,2022-07-20,Wednesday,tokyo,02:00:00,07:59:59,23256.89,23381.18,124.29000000000087,0.005344222722814651,50805.222780000004
601,2022-07-20,Wednesday,london,09:00:00,15:29:59,23369.19,24195.36,826.1700000000019,0.03535295831819596,43928.68803
602,2022-07-20,Wednesday,new_york,15:30:00,21:59:59,24193.52,23608.15,-585.369999999999,-0.02419532172251082,46417.20856
603,2022-07-21,Thursday,tokyo,02:00:00,07:59:59,23233.61,22931.56,-302.0499999999993,-0.013000562547103023,43417.6828
604,2022-07-21,Thursday,london,09:00:00,15:29:59,22878.77,22597.31,-281.4599999999991,-0.01230223477922976,38511.42322
605,2022-07-21,Thursday,new_york,15:30:00,21:59:59,22597.31,23207.99,610.6800000000003,0.027024455565728855,33193.9368
606,2022-07-22,Friday,tokyo,02:00:00,07:59:59,23103.05,23118.79,15.7400000000016,0.0006812953268076072,32042.081830000003
607,2022-07-22,Friday,london,09:00:00,15:29:59,23304.92,23393.24,88.32000000000335,0.003789757699232732,42588.81589
608,2022-07-22,Friday,new_york,15:30:00,21:59:59,23393.24,22737.99,-655.25,-0.028010228595953368,36818.496300000006
609,2022-07-23,Saturday,tokyo,02:00:00,07:59:59,22787.77,22770.52,-17.25,-0.0007569849967767883,36594.70141000001
610,2022-07-23,Saturday,london,09:00:00,15:29:59,22608.56,22166.93,-441.630000000001,-0.019533751817895517,35879.84951
611,2022-07-23,Saturday,new_york,15:30:00,21:59:59,22166.93,22243.32,76.38999999999942,0.003446124474611567,31295.856789999998
612,2022-07-24,Sunday,tokyo,02:00:00,07:59:59,22426.04,22701.6,275.5599999999977,0.012287501493799091,33580.120760000005
613,2022-07-24,Sunday,london,09:00:00,15:29:59,22681.91,22849.59,167.6800000000003,0.0073926754845601295,43650.64794
614,2022-07-24,Sunday,new_york,15:30:00,21:59:59,22848.79,22808.44,-40.35000000000218,-0.0017659578472208892,31961.8699
615,2022-07-25,Monday,tokyo,02:00:00,07:59:59,22205.55,21962.33,-243.21999999999753,-0.010953117576461668,47612.341120000005
616,2022-07-25,Monday,london,09:00:00,15:29:59,22050.75,21817.84,-232.90999999999985,-0.010562452524290555,51109.340339999995
617,2022-07-25,Monday,new_york,15:30:00,21:59:59,21821.54,22025.2,203.65999999999985,0.009332980165469573,44321.196359999994
618,2022-07-26,Tuesday,tokyo,02:00:00,07:59:59,21076.7,21066.86,-9.840000000000146,-0.0004668662551537972,55041.80182
619,2022-07-26,Tuesday,london,09:00:00,15:29:59,21067.26,20799.36,-267.8999999999978,-0.012716413999732223,44285.16301999999
620,2022-07-26,Tuesday,new_york,15:30:00,21:59:59,20799.36,20942.82,143.45999999999913,0.006897327610080328,64811.458300000006
621,2022-07-27,Wednesday,tokyo,02:00:00,07:59:59,21157.37,21347.36,189.9900000000016,0.008979849574876297,51409.48373
622,2022-07-27,Wednesday,london,09:00:00,15:29:59,21354.45,21452.97,98.52000000000044,0.004613558298153242,63118.8352
623,2022-07-27,Wednesday,new_york,15:30:00,21:59:59,21454.13,22677.84,1223.7099999999991,0.057038435023932355,44873.40771000001
624,2022-07-28,Thursday,tokyo,02:00:00,07:59:59,22775.69,22925.1,149.40999999999985,0.006560064700564583,45556.59569000001
625,2022-07-28,Thursday,london,09:00:00,15:29:59,22963.68,23494.18,530.5,0.02310169798568862,44400.09547000001
626,2022-07-28,Thursday,new_york,15:30:00,21:59:59,23498.5,23927.69,429.1899999999987,0.018264570078941222,65954.40751
627,2022-07-29,Friday,tokyo,02:00:00,07:59:59,23848.14,23943.26,95.11999999999898,0.00398857101643979,40583.433220000006
628,2022-07-29,Friday,london,09:00:00,15:29:59,23927.08,23881.82,-45.26000000000204,-0.0018915805856796197,45284.806280000004
629,2022-07-29,Friday,new_york,15:30:00,21:59:59,23881.82,23819.41,-62.409999999999854,-0.002613284917146186,33746.514579999995
630,2022-07-30,Saturday,tokyo,02:00:00,07:59:59,23917.35,23880.76,-36.590000000000146,-0.0015298517603329342,39357.8352
631,2022-07-30,Saturday,london,09:00:00,15:29:59,23895.01,24508.49,613.4800000000032,0.025673979630056687,33729.65692
632,2022-07-30,Saturday,new_york,15:30:00,21:59:59,24508.49,23860.51,-647.9800000000032,-0.02643900134198407,34402.36238
633,2022-07-31,Sunday,tokyo,02:00:00,07:59:59,23725.36,23713.1,-12.260000000002037,-0.0005167466373535712,34384.52761
634,2022-07-31,Sunday,london,09:00:00,15:29:59,23595.17,23726.87,131.70000000000073,0.005581650820909667,35590.38106
635,2022-07-31,Sunday,new_york,15:30:00,21:59:59,23727.82,23589.58,-138.23999999999796,-0.005826072517407743,33728.18237
636,2022-08-01,Monday,tokyo,02:00:00,07:59:59,23418.8,23322.05,-96.75,-0.00413129622354691,35225.53140000001
637,2022-08-01,Monday,london,09:00:00,15:29:59,23287.76,23368.61,80.85000000000218,0.003471780884035214,42281.18873000001
638,2022-08-01,Monday,new_york,15:30:00,21:59:59,23368.63,23019.09,-349.5400000000009,-0.014957659049760319,37171.66248
639,2022-08-02,Tuesday,tokyo,02:00:00,07:59:59,22997.14,22887.8,-109.34000000000015,-0.004754504255746639,35908.81646
640,2022-08-02,Tuesday,london,09:00:00,15:29:59,22809.74,22880.79,71.04999999999927,0.0031148974078616387,40929.50163
641,2022-08-02,Tuesday,new_york,15:30:00,21:59:59,22880.79,23093.38,212.59000000000015,0.009291200172721226,30759.17022
642,2022-08-03,Wednesday,tokyo,02:00:00,07:59:59,22803.27,22989.96,186.6899999999987,0.008186983708915463,39980.72951
643,2022-08-03,Wednesday,london,09:00:00,15:29:59,23293.27,23352.89,59.61999999999898,0.002559537583173066,40941.47983
644,2022-08-03,Wednesday,new_york,15:30:00,21:59:59,23354.15,23267.83,-86.31999999999971,-0.0036961310944735315,48395.85185000001
645,2022-08-04,Thursday,tokyo,02:00:00,07:59:59,23141.21,22947.92,-193.29000000000087,-0.00835263151753951,39444.40988
646,2022-08-04,Thursday,london,09:00:00,15:29:59,22799.8,22853.04,53.2400000000016,0.002335108202703662,31919.77696
647,2022-08-04,Thursday,new_york,15:30:00,21:59:59,22853.04,22495.34,-357.7000000000007,-0.0156521845671298,33226.26267999999
648,2022-08-05,Friday,tokyo,02:00:00,07:59:59,22893.44,23186.08,292.64000000000306,0.012782701070699787,33940.292839999995
649,2022-08-05,Friday,london,09:00:00,15:29:59,23151.46,22973.23,-178.22999999999956,-0.007698434569569201,29063.860259999998
650,2022-08-05,Friday,new_york,15:30:00,21:59:59,22971.69,23106.58,134.89000000000306,0.005872010287445217,22050.755530000002
651,2022-08-06,Saturday,tokyo,02:00:00,07:59:59,23223.24,23205.87,-17.37000000000262,-0.000747957649320341,29692.48702
652,2022-08-06,Saturday,london,09:00:00,15:29:59,23153.33,23196.3,42.969999999997526,0.0018558885482129472,29355.77738
653,2022-08-06,Saturday,new_york,15:30:00,21:59:59,23197.36,23178.84,-18.520000000000437,-0.0007983667106946646,26364.35958
654,2022-08-07,Sunday,tokyo,02:00:00,07:59:59,22910.32,23015.95,105.63000000000102,0.0046105859717366915,35271.478050000005
655,2022-08-07,Sunday,london,09:00:00,15:29:59,22924.9,23053.56,128.65999999999985,0.0056122382213226185,34280.32405999999
656,2022-08-07,Sunday,new_york,15:30:00,21:59:59,23053.56,23311.34,257.77999999999884,0.011181787107934715,32746.278929999997
657,2022-08-08,Monday,tokyo,02:00:00,07:59:59,23218.93,23807.68,588.75,0.025356465608018963,37290.303570000004
658,2022-08-08,Monday,london,09:00:00,15:29:59,24133.46,23970.42,-163.04000000000087,-0.006755765646533907,40902.04798
659,2022-08-08,Monday,new_york,15:30:00,21:59:59,23972.89,23850.33,-122.55999999999767,-0.005112441595485517,60615.87886
660,2022-08-09,Tuesday,tokyo,02:00:00,07:59:59,23732.97,23878.12,145.14999999999782,0.006115964415747355,44901.356250000004
661,2022-08-09,Tuesday,london,09:00:00,15:29:59,23777.27,23120.74,-656.5299999999988,-0.027611664417319548,49510.87607
662,2022-08-09,Tuesday,new_york,15:30:00,21:59:59,23120.74,23191.6,70.85999999999694,0.0030647807985382247,58287.31291999999
663,2022-08-10,Wednesday,tokyo,02:00:00,07:59:59,22885.9,22963.67,77.7699999999968,0.0033981621871981282,54700.16206000001
664,2022-08-10,Wednesday,london,09:00:00,15:29:59,23103.3,23994.1,890.7999999999993,0.03855726238243018,55067.995659999986
665,2022-08-10,Wednesday,new_york,15:30:00,21:59:59,23992.15,23958.64,-33.51000000000204,-0.0013967068395288607,51004.11919
666,2022-08-11,Thursday,tokyo,02:00:00,07:59:59,24438.33,24431.88,-6.450000000000728,-0.0002639296547677361,49440.45592
667,2022-08-11,Thursday,london,09:00:00,15:29:59,24523.65,24487.74,-35.909999999999854,-0.0014643007871992797,50825.3324
668,2022-08-11,Thursday,new_york,15:30:00,21:59:59,24485.96,24183.29,-302.66999999999825,-0.012360961138546234,38614.42671
669,2022-08-12,Friday,tokyo,02:00:00,07:59:59,23906.32,23960.99,54.67000000000189,0.0022868429770872556,37709.59638
670,2022-08-12,Friday,london,09:00:00,15:29:59,23920.18,23948.48,28.299999999999272,0.0011831014649554827,42893.33084
671,2022-08-12,Friday,new_york,15:30:00,21:59:59,23948.48,24114.68,166.20000000000073,0.0069398976469488005,41080.12866999999
672,2022-08-13,Saturday,tokyo,02:00:00,07:59:59,24555.04,24572.12,17.07999999999811,0.000695580214896685,40342.834520000004
673,2022-08-13,Saturday,london,09:00:00,15:29:59,24404.68,24463.6,58.919999999998254,0.002414291029425364,42473.41990000001
674,2022-08-13,Saturday,new_york,15:30:00,21:59:59,24464.22,24498.46,34.23999999999796,0.0013995950003717894,48078.90957999999
675,2022-08-14,Sunday,tokyo,02:00:00,07:59:59,24584.79,24873.32,288.52999999999884,0.011736118144592522,66888.56674
676,2022-08-14,Sunday,london,09:00:00,15:29:59,24655.85,24480.94,-174.90999999999985,-0.007094056785712066,44818.70046
677,2022-08-14,Sunday,new_york,15:30:00,21:59:59,24482.44,24343.67,-138.77000000000044,-0.005668144188242685,47621.83883
678,2022-08-15,Monday,tokyo,02:00:00,07:59:59,24645.14,24027.05,-618.0900000000001,-0.025079589728441376,51658.90102999999
679,2022-08-15,Monday,london,09:00:00,15:29:59,24042.7,24134.15,91.45000000000073,0.003803649340548221,52240.36160999999
680,2022-08-15,Monday,new_york,15:30:00,21:59:59,24134.15,24026.63,-107.52000000000044,-0.004455097859257573,47446.44948
681,2022-08-16,Tuesday,tokyo,02:00:00,07:59:59,24109.1,24066.93,-42.169999999998254,-0.0017491320704628999,44705.91549
682,2022-08-16,Tuesday,london,09:00:00,15:29:59,23992.82,23807.93,-184.88999999999942,-0.007706055394905653,48283.210250000004
683,2022-08-16,Tuesday,new_york,15:30:00,21:59:59,23806.46,23949.06,142.60000000000218,0.005989970789441301,37224.67337
684,2022-08-17,Wednesday,tokyo,02:00:00,07:59:59,23942.92,23786.42,-156.5,-0.006536379021439331,48150.17412
685,2022-08-17,Wednesday,london,09:00:00,15:29:59,23808.54,23442.81,-365.72999999999956,-0.015361294728698183,55284.563149999994
686,2022-08-17,Wednesday,new_york,15:30:00,21:59:59,23442.81,23331.93,-110.88000000000102,-0.004729808414605685,49527.84273
687,2022-08-18,Thursday,tokyo,02:00:00,07:59:59,23469.4,23414.21,-55.19000000000233,-0.002351572686136061,51317.84608
688,2022-08-18,Thursday,london,09:00:00,15:29:59,23462.52,23440.65,-21.86999999999898,-0.0009321249379861118,47817.9058
689,2022-08-18,Thursday,new_york,15:30:00,21:59:59,23441.9,23362.78,-79.12000000000262,-0.0033751530379364514,75905.88154
690,2022-08-19,Friday,tokyo,02:00:00,07:59:59,22760.42,21905.88,-854.5399999999972,-0.03754500136640704,53813.283930000005
691,2022-08-19,Friday,london,09:00:00,15:29:59,21781.23,21372.78,-408.4500000000007,-0.018752384507211062,50962.427830000015
692,2022-08-19,Friday,new_york,15:30:00,21:59:59,21372.78,21078.77,-294.0099999999984,-0.013756282523845642,42193.26976
693,2022-08-20,Saturday,tokyo,02:00:00,07:59:59,20995.02,21307.25,312.22999999999956,0.014871621937011748,50552.00717999999
694,2022-08-20,Saturday,london,09:00:00,15:29:59,21198.78,21242.97,44.19000000000233,0.002084553922442778,45045.39335
695,2022-08-20,Saturday,new_york,15:30:00,21:59:59,21243.38,21120.19,-123.19000000000233,-0.0057989830243587726,50313.39091
696,2022-08-21,Sunday,tokyo,02:00:00,07:59:59,21259.96,21251.38,-8.579999999998108,-0.0004035755476491376,51747.004970000016
697,2022-08-21,Sunday,london,09:00:00,15:29:59,21359.21,21384.22,25.010000000002037,0.001170923456438766,52088.76656
698,2022-08-21,Sunday,new_york,15:30:00,21:59:59,21383.2,21533.83,150.63000000000102,0.0070443151633057255,42763.4472
699,2022-08-22,Monday,tokyo,02:00:00,07:59:59,21443.79,21097.72,-346.0699999999997,-0.01613847179066763,46212.56287
700,2022-08-22,Monday,london,09:00:00,15:29:59,21191.33,21252.9,61.56999999999971,0.0029054334956795103,62014.849539999996
701,2022-08-22,Monday,new_york,15:30:00,21:59:59,21253.65,21101.67,-151.9800000000032,-0.007150771749793727,44664.81108000001
702,2022-08-23,Tuesday,tokyo,02:00:00,07:59:59,21306.86,21305.34,-1.5200000000004366,-7.133852665297535e-05,38341.16218000001
703,2022-08-23,Tuesday,london,09:00:00,15:29:59,21450.86,21507.43,56.56999999999971,0.0026371903037920585,54093.31233
704,2022-08-23,Tuesday,new_york,15:30:00,21:59:59,21505.32,21489.36,-15.959999999999127,-0.0007421419444118005,41880.30847999999
705,2022-08-24,Wednesday,tokyo,02:00:00,07:59:59,21264.71,21317.85,53.13999999999942,0.002498976002964559,44814.08916
706,2022-08-24,Wednesday,london,09:00:00,15:29:59,21341.4,21586.09,244.6899999999987,0.01146550835465332,51711.914220000006
707,2022-08-24,Wednesday,new_york,15:30:00,21:59:59,21585.76,21592.07,6.31000000000131,0.00029232234584286587,51141.418139999994
708,2022-08-25,Thursday,tokyo,02:00:00,07:59:59,21552.83,21743.29,190.45999999999913,0.008836890561471522,60633.10797
709,2022-08-25,Thursday,london,09:00:00,15:29:59,21687.35,21538.0,-149.34999999999854,-0.0068865029614036954,66026.77484
710,2022-08-25,Thursday,new_york,15:30:00,21:59:59,21538.0,21583.0,45.0,0.0020893304856532957,45130.03841
711,2022-08-26,Friday,tokyo,02:00:00,07:59:59,21558.7,21452.9,-105.79999999999927,-0.004907531530194298,36390.28216
712,2022-08-26,Friday,london,09:00:00,15:29:59,21415.69,20805.22,-610.4699999999975,-0.028505735747949124,66626.33739
713,2022-08-26,Friday,new_york,15:30:00,21:59:59,20804.32,20639.32,-165.0,-0.007931045090635025,43262.00887
714,2022-08-27,Saturday,tokyo,02:00:00,07:59:59,20277.99,20272.25,-5.740000000001601,-0.00028306553065671203,39137.18418
715,2022-08-27,Saturday,london,09:00:00,15:29:59,20202.23,19981.8,-220.4300000000003,-0.010911171687482013,38214.29086
716,2022-08-27,Saturday,new_york,15:30:00,21:59:59,19983.37,19873.06,-110.30999999999767,-0.005520089954797247,43446.036080000005
717,2022-08-28,Sunday,tokyo,02:00:00,07:59:59,20019.39,20056.62,37.22999999999956,0.0018596970237354515,47911.64587
718,2022-08-28,Sunday,london,09:00:00,15:29:59,20035.59,19974.4,-61.18999999999869,-0.003054065290814978,49158.49379
719,2022-08-28,Sunday,new_york,15:30:00,21:59:59,19974.4,19964.01,-10.390000000003056,-0.0005201658122397923,45343.721280000005
720,2022-08-29,Monday,tokyo,02:00:00,07:59:59,19662.02,19897.01,234.98999999999796,0.011951467855286335,53013.27873
721,2022-08-29,Monday,london,09:00:00,15:29:59,19794.94,20195.63,400.6900000000023,0.020242041653069087,70411.18913
722,2022-08-29,Monday,new_york,15:30:00,21:59:59,20195.63,20203.57,7.93999999999869,0.0003931543606214838,60243.634020000005
723,2022-08-30,Tuesday,tokyo,02:00:00,07:59:59,20163.16,20434.16,271.0,0.013440353595368881,63623.395630000006
724,2022-08-30,Tuesday,london,09:00:00,15:29:59,20401.7,19738.16,-663.5400000000009,-0.03252376027487913,73418.51973000001
725,2022-08-30,Tuesday,new_york,15:30:00,21:59:59,19738.16,19884.3,146.13999999999942,0.007403932281428327,65057.09862999999
726,2022-08-31,Wednesday,tokyo,02:00:00,07:59:59,20236.27,20258.09,21.81999999999971,0.001078261952424997,63027.76750999999
727,2022-08-31,Wednesday,london,09:00:00,15:29:59,20235.81,20020.32,-215.4900000000016,-0.010648943630129026,65181.385969999996
728,2022-08-31,Wednesday,new_york,15:30:00,21:59:59,20020.32,20280.54,260.22000000000116,0.012997794241051075,70311.03475
729,2022-09-01,Thursday,tokyo,02:00:00,07:59:59,20127.45,19895.66,-231.79000000000087,-0.01151611356629878,66989.72338000001
730,2022-09-01,Thursday,london,09:00:00,15:29:59,19928.09,19738.52,-189.5699999999997,-0.009512702923360927,54027.340229999994
731,2022-09-01,Thursday,new_york,15:30:00,21:59:59,19737.37,20084.23,346.8600000000006,0.017573769960232744,45477.56083
732,2022-09-02,Friday,tokyo,02:00:00,07:59:59,20049.83,20111.24,61.409999999999854,0.0030628688622298395,49216.371830000004
733,2022-09-02,Friday,london,09:00:00,15:29:59,20092.62,20314.43,221.8100000000013,0.011039376646748922,44196.25208
734,2022-09-02,Friday,new_york,15:30:00,21:59:59,20314.52,19977.31,-337.2099999999991,-0.016599456940158963,32709.44699
